date,Investigate Person,Larceny,Harassment,Property Lost,Fraud,Auto Theft,Counterfeiting,Confidence Games,Commercial Burglary,Vandalism,Other,Missing Person Reported,Police Service Incidents,License Plate Related Incidents,Residential Burglary,Simple Assault,Property Found,Larceny From Motor Vehicle,Medical Assistance,Motor Vehicle Accident Response,Aggravated Assault,Landlord/Tenant Disputes,Investigate Property,Auto Theft Recovery,Missing Person Located,Embezzlement,Violations,Criminal Harassment,Disorderly Conduct,Warrant Arrests,Other Burglary,Restraining Order Violations,Recovered Stolen Property,Service,Property Related Damage,Robbery,Towed,Evading Fare,License Violation,Verbal Disputes,Fire Related Reports,Firearm Violations,Search Warrants,Operating Under the Influence,Drug Violation,Prisoner Related Incidents,Firearm Discovery,Ballistics,Liquor Violation,Homicide,Offenses Against Child / Family,Harbor Related Incidents,Arson,Assembly or Gathering Violations,Bomb Hoax,Aircraft,Phone Call Complaints,Prostitution,HUMAN TRAFFICKING,HOME INVASION,Explosives,,city
2018-01-01,14,20,6,12,9,2,1,1,1,10,17,2,2,0,2,29,2,9,12,42,6,1,12,2,4,0,5,0,3,2,0,1,1,0,0,3,3,0,4,16,2,1,1,4,3,0,0,2,1,0,0,0,1,1,0,0,0,0,0,1,0,0,Boston
2018-01-02,15,14,5,5,4,5,4,2,3,11,9,0,4,0,0,5,2,6,16,31,5,1,7,2,2,0,2,0,1,4,0,2,0,0,0,2,8,1,2,18,2,1,0,1,12,1,0,2,0,0,0,0,0,0,0,0,0,1,0,0,0,0,Boston
2018-01-03,11,20,2,7,7,2,0,1,3,10,21,2,2,0,3,18,3,1,18,32,9,2,11,2,6,2,5,0,3,7,0,1,2,1,1,2,4,0,10,15,3,0,0,0,12,0,0,1,0,0,0,0,0,1,0,0,0,0,0,0,0,0,Boston
2018-01-04,6,5,0,2,2,2,2,1,0,10,56,1,0,1,1,6,3,7,20,19,2,2,8,1,2,0,3,0,1,3,0,0,0,0,0,3,20,0,1,17,2,0,0,0,5,0,0,0,0,0,0,0,0,0,0,0,0,0,0,0,0,0,Boston
2018-01-05,13,11,2,5,4,5,1,0,1,7,28,0,2,1,5,14,1,2,18,45,3,0,4,1,2,1,0,0,0,3,0,3,2,0,1,2,5,0,0,10,1,0,0,1,0,0,0,0,0,0,0,0,0,0,0,0,0,0,0,0,0,0,Boston
2018-01-06,11,13,1,7,3,6,0,3,0,20,26,3,2,0,2,13,2,4,19,34,3,2,8,0,3,0,5,0,2,3,0,1,0,0,0,3,2,0,0,9,2,0,0,0,12,0,0,0,0,0,0,0,0,0,0,0,0,0,0,0,0,0,Boston
2018-01-07,13,10,1,8,0,4,0,3,1,13,26,1,3,1,1,11,1,3,17,43,2,2,5,0,4,0,1,0,2,4,0,0,1,0,0,4,3,0,0,13,1,0,0,1,4,0,0,0,1,0,0,0,0,0,0,0,0,0,0,0,0,0,Boston
2018-01-08,10,20,2,4,4,2,0,3,0,16,32,5,3,0,3,17,2,11,23,36,7,1,9,1,7,0,4,0,4,5,2,1,0,0,2,3,5,0,2,13,2,1,1,0,15,0,0,0,0,0,0,0,0,0,0,1,0,0,0,0,0,0,Boston
2018-01-09,18,25,7,8,6,0,1,1,0,23,23,1,3,0,5,28,4,2,20,51,5,1,8,0,1,0,2,1,3,7,1,0,0,0,2,7,0,0,0,17,1,4,1,0,7,0,1,1,0,0,0,0,0,0,0,0,0,0,0,0,0,0,Boston
2018-01-10,15,17,2,14,8,2,0,0,0,18,20,2,4,2,4,14,3,11,23,44,3,1,7,1,4,0,4,0,5,5,0,1,2,0,1,8,4,0,3,10,3,1,0,0,17,0,0,0,0,0,0,1,0,0,0,0,0,0,0,0,0,0,Boston
2018-01-11,10,20,4,6,7,4,3,1,0,16,24,0,3,3,2,14,6,10,33,34,11,0,4,0,2,0,4,0,1,11,0,1,3,0,3,6,3,0,6,10,2,3,2,0,19,1,0,0,0,3,1,0,0,1,0,0,0,0,0,0,0,0,Boston
2018-01-12,24,18,5,6,11,6,2,3,2,21,29,3,6,0,3,16,1,9,24,44,8,0,10,3,5,0,4,0,2,6,0,3,3,0,2,3,8,0,1,9,4,1,1,1,10,2,1,1,1,0,0,0,0,1,0,0,0,0,0,0,0,0,Boston
2018-01-13,14,24,4,9,5,3,0,0,0,13,20,1,2,0,6,12,4,13,17,31,9,2,9,2,6,1,9,0,1,10,0,3,3,0,2,6,8,0,5,13,0,1,2,0,15,0,0,1,0,2,0,0,0,1,0,0,0,0,0,1,0,0,Boston
2018-01-14,12,14,4,6,3,2,0,0,0,16,15,1,2,0,3,14,2,8,16,24,12,0,10,2,2,2,0,0,1,4,0,2,1,1,0,0,6,0,1,18,1,0,1,0,3,0,0,0,0,1,0,0,0,0,0,0,0,0,0,0,0,0,Boston
2018-01-15,18,20,4,5,1,2,2,3,0,11,10,0,1,0,5,7,4,9,18,26,9,1,6,3,2,0,5,0,2,12,0,1,0,0,1,4,12,0,4,13,2,2,0,0,18,0,0,1,0,0,1,0,0,0,0,0,0,0,0,0,0,0,Boston
2018-01-16,13,23,2,7,6,7,1,0,0,8,17,2,7,1,4,15,6,6,16,15,6,2,8,1,4,1,4,0,3,11,1,2,2,0,0,4,4,0,1,11,3,1,1,0,13,0,1,0,0,0,1,0,0,0,0,0,0,0,0,0,0,0,Boston
2018-01-17,15,21,7,11,6,4,1,0,2,11,21,3,3,1,3,16,1,10,36,33,8,0,8,1,4,0,3,0,3,3,1,1,1,0,0,6,5,0,1,11,1,3,0,0,11,0,3,0,1,0,0,1,0,0,0,0,0,0,0,0,0,0,Boston
2018-01-18,9,26,10,7,6,3,0,3,1,5,12,2,3,0,2,10,1,5,23,25,6,2,3,0,7,0,3,0,0,8,0,1,2,0,0,2,0,0,2,11,2,5,0,0,18,0,3,1,0,0,0,0,0,0,0,0,0,0,0,0,0,0,Boston
2018-01-19,10,36,1,8,2,0,1,0,1,9,13,4,3,0,7,13,6,16,15,20,4,1,11,2,5,0,4,0,3,8,0,2,0,0,1,5,5,0,0,6,2,1,3,0,15,1,3,0,3,0,0,0,1,0,0,0,1,0,0,0,0,0,Boston
2018-01-20,21,20,1,7,5,4,3,1,1,8,13,3,2,1,3,12,3,4,27,22,6,2,10,2,8,0,12,0,1,2,0,0,0,0,1,1,6,0,2,10,3,1,2,0,16,1,1,1,1,0,0,0,0,1,0,0,0,0,0,0,0,0,Boston
2018-01-21,20,18,0,8,2,4,2,1,2,12,9,4,0,0,1,14,2,7,19,27,8,0,9,1,9,0,2,0,1,3,0,0,0,0,0,3,3,0,9,14,1,0,0,0,3,0,0,1,1,0,0,1,0,2,0,0,0,0,0,0,0,0,Boston
2018-01-22,14,22,3,6,8,2,0,3,0,12,13,1,1,0,4,10,4,9,20,30,5,1,3,2,3,0,2,1,2,9,0,1,1,0,2,6,7,1,0,13,4,0,0,1,10,0,0,0,0,0,1,1,0,0,0,0,1,0,0,0,0,0,Boston
2018-01-23,14,28,3,8,6,2,0,3,1,10,22,3,8,0,9,11,4,10,20,33,2,0,10,2,4,0,3,0,1,5,0,3,0,0,0,1,6,1,0,11,2,1,0,1,17,0,2,2,1,0,0,0,0,0,1,0,1,0,0,0,0,0,Boston
2018-01-24,12,18,2,4,3,5,1,2,0,8,17,4,1,3,1,12,3,11,19,29,1,1,6,1,5,0,5,0,2,3,0,1,3,0,1,5,10,2,0,12,1,0,0,0,15,0,0,0,0,0,0,0,0,0,0,0,0,0,0,0,0,0,Boston
2018-01-25,8,23,4,6,4,1,0,0,1,8,12,2,3,1,1,19,0,11,26,30,3,0,12,0,3,0,7,0,3,7,1,1,1,0,2,1,10,0,1,9,1,2,1,1,11,0,0,1,1,0,0,1,0,1,0,0,0,1,0,0,0,0,Boston
2018-01-26,23,20,10,8,3,4,2,2,1,6,20,5,7,1,1,14,4,12,20,35,8,2,11,1,7,1,0,0,2,9,0,2,2,0,1,6,5,0,3,10,0,5,1,0,17,1,1,0,3,0,0,0,0,4,0,0,0,0,0,0,0,0,Boston
2018-01-27,18,25,2,9,2,2,0,5,1,5,11,3,2,1,2,17,1,11,15,24,8,0,10,0,5,0,3,0,2,10,1,2,2,0,2,5,15,1,2,12,0,1,1,0,14,0,1,0,1,0,0,0,0,2,0,0,0,0,0,0,0,0,Boston
2018-01-28,15,28,4,4,4,6,1,2,2,8,8,2,1,0,1,16,0,16,16,25,8,0,8,3,3,0,5,0,5,11,0,0,3,0,0,4,6,1,1,11,4,2,0,2,8,0,1,0,0,0,0,0,0,0,0,0,0,0,0,0,0,0,Boston
2018-01-29,18,23,3,5,7,6,1,2,1,14,12,6,2,0,6,17,3,4,30,31,4,1,11,2,8,0,8,0,1,6,0,2,2,0,0,2,13,1,0,7,0,1,1,0,21,1,0,0,1,0,0,1,0,0,0,0,0,0,0,0,0,0,Boston
2018-01-30,10,17,4,2,1,1,1,2,0,11,16,0,4,2,8,20,4,9,24,38,8,2,12,1,1,0,1,0,3,8,0,5,1,0,0,2,13,0,0,12,0,0,2,0,14,0,1,0,0,0,0,0,0,0,0,0,0,0,0,0,0,0,Boston
2018-01-31,11,10,5,5,4,2,1,3,1,7,9,1,8,0,2,15,4,4,17,35,2,1,8,2,4,1,8,0,0,6,1,0,1,0,0,4,10,0,0,9,3,1,2,0,18,0,0,0,0,1,0,0,1,0,0,0,0,0,0,0,0,0,Boston
2018-02-01,11,27,6,13,14,3,2,2,0,12,13,4,6,1,6,6,3,6,19,29,6,3,11,1,6,1,3,0,1,5,0,1,2,0,0,5,11,0,2,7,2,5,1,0,27,2,1,0,1,0,1,0,0,0,0,0,0,0,0,0,0,0,Boston
2018-02-02,22,18,1,9,6,0,0,5,2,6,18,1,2,0,4,14,1,2,21,37,6,1,11,1,2,0,9,0,2,9,1,1,0,0,1,3,7,0,3,10,1,1,0,1,6,0,0,0,6,0,3,0,0,0,0,0,0,0,0,0,0,0,Boston
2018-02-03,13,14,4,8,3,1,2,4,1,13,7,2,3,2,4,14,1,3,19,34,4,1,9,0,5,0,5,0,2,2,0,1,0,1,1,3,6,1,4,9,1,1,0,1,5,0,0,0,0,2,1,0,0,3,0,0,0,0,0,0,0,0,Boston
2018-02-04,9,16,5,14,3,3,1,1,0,16,9,1,1,0,4,20,4,4,18,22,11,0,10,0,2,0,0,0,4,2,0,1,1,0,0,3,6,0,5,11,2,1,0,1,2,0,0,0,2,0,0,0,0,0,0,0,0,0,0,1,0,0,Boston
2018-02-05,15,21,3,11,7,4,0,4,1,7,19,3,1,1,6,14,2,6,23,27,5,2,10,0,5,0,9,0,0,11,0,2,3,0,0,1,9,0,1,12,0,1,0,0,19,1,0,1,1,0,0,1,0,0,0,0,1,0,0,0,0,0,Boston
2018-02-06,17,18,1,6,1,3,4,3,2,7,14,2,4,1,5,13,2,4,22,26,7,4,7,1,8,0,4,0,3,10,0,0,1,0,1,3,8,1,0,16,3,4,0,1,19,0,1,0,0,1,2,0,0,0,0,0,0,0,0,0,0,0,Boston
2018-02-07,14,16,1,9,3,2,2,1,2,10,4,1,8,3,7,7,0,4,14,27,5,0,8,2,2,0,2,0,1,5,0,0,1,0,2,5,4,0,0,12,0,0,2,0,13,1,0,0,3,0,2,0,0,1,0,0,0,0,0,0,0,0,Boston
2018-02-08,16,19,5,8,5,4,2,2,2,12,14,2,7,0,4,20,0,9,21,21,9,2,10,0,3,0,8,0,0,14,1,1,1,1,0,2,10,0,1,11,1,2,9,0,25,0,1,0,0,0,0,1,0,2,1,0,1,0,0,0,0,0,Boston
2018-02-09,21,17,3,8,4,3,1,6,0,3,14,2,4,1,3,11,2,4,19,17,7,0,15,1,6,0,2,1,0,3,1,5,0,0,0,4,8,1,7,11,3,2,0,1,11,0,0,0,1,0,0,0,0,0,0,0,0,0,0,0,0,0,Boston
2018-02-10,15,16,4,10,8,3,0,1,1,15,14,2,1,0,2,11,5,8,14,26,9,2,9,1,6,0,4,0,2,2,1,0,1,0,0,4,11,0,2,16,1,0,0,0,23,0,0,0,0,0,0,0,0,2,0,0,1,0,0,0,0,0,Boston
2018-02-11,13,15,0,5,3,7,0,1,0,15,8,3,1,1,5,15,1,6,17,27,6,0,9,1,5,0,4,0,0,0,0,1,1,0,1,6,6,0,3,11,1,0,0,0,5,0,1,0,0,0,0,0,0,2,0,0,0,0,0,0,0,0,Boston
2018-02-12,16,14,0,15,8,0,1,3,1,9,25,2,3,2,0,10,0,8,24,30,6,0,8,0,5,0,5,0,1,6,0,0,1,0,1,3,15,0,0,9,5,2,0,0,23,0,0,0,2,0,0,0,0,1,0,0,0,0,0,0,0,0,Boston
2018-02-13,13,18,1,13,4,2,5,1,1,11,11,2,2,1,3,6,6,8,19,29,7,2,9,1,4,0,9,0,2,5,0,1,1,0,0,7,6,1,0,7,2,0,0,0,7,0,0,1,0,0,1,0,0,0,0,0,0,0,0,0,0,0,Boston
2018-02-14,17,21,4,9,1,0,0,2,1,13,21,3,2,0,10,12,5,9,23,23,8,0,10,0,4,1,8,0,3,6,0,4,1,0,1,4,8,0,0,8,2,3,0,0,9,1,0,2,0,1,0,0,0,0,0,0,0,0,0,0,0,0,Boston
2018-02-15,19,16,7,15,6,1,1,6,0,9,20,3,5,0,5,21,5,9,19,27,6,1,8,0,5,1,8,0,2,3,0,1,0,0,1,8,9,0,13,13,2,0,0,1,21,2,1,0,0,0,1,0,0,0,0,0,0,0,0,0,0,0,Boston
2018-02-16,22,21,3,13,10,5,0,1,1,15,22,5,3,0,5,12,2,5,11,23,2,0,7,0,6,0,4,0,2,3,0,2,1,0,0,4,11,0,1,11,1,2,2,1,19,0,0,0,8,0,0,0,0,1,0,0,0,0,0,0,0,0,Boston
2018-02-17,10,17,1,9,5,2,2,4,0,12,15,1,1,0,5,11,3,11,30,29,9,0,15,0,1,0,5,0,1,6,2,0,1,0,0,3,13,0,0,12,0,1,0,0,17,0,0,1,0,0,1,0,0,0,0,0,0,0,0,0,0,0,Boston
2018-02-18,7,15,1,3,2,4,0,1,1,6,10,2,2,0,1,8,1,8,19,28,9,0,8,0,5,0,5,0,0,4,0,0,1,1,3,3,8,1,1,12,1,0,0,0,6,0,0,0,0,0,1,0,0,2,0,0,0,0,0,0,0,0,Boston
2018-02-19,11,22,2,7,4,0,1,2,0,7,13,1,5,0,5,10,1,6,19,30,4,0,11,1,4,0,7,0,2,7,1,2,0,0,0,2,4,1,2,9,1,1,0,0,9,1,0,1,0,0,0,1,0,0,0,0,0,0,0,0,0,0,Boston
2018-02-20,19,26,4,7,11,3,0,1,0,14,15,2,6,0,4,16,5,8,29,15,4,1,7,0,5,0,7,0,3,5,0,3,3,1,1,6,8,1,2,12,1,0,0,0,16,1,1,0,0,0,1,0,0,1,0,0,0,0,0,0,0,0,Boston
2018-02-21,18,24,3,10,5,3,3,3,1,9,20,1,6,1,6,7,4,6,30,35,9,2,14,1,2,0,14,0,3,4,0,2,3,0,0,4,7,1,8,12,3,2,1,1,15,2,1,0,0,0,0,0,0,1,0,0,0,0,0,0,0,0,Boston
2018-02-22,7,18,2,1,3,2,0,1,1,8,17,1,3,0,3,4,3,4,18,19,7,2,9,1,4,0,5,0,0,7,0,1,0,0,0,6,7,0,0,10,0,5,0,0,11,0,1,0,0,1,0,0,0,0,0,0,0,1,0,0,0,0,Boston
2018-02-23,10,25,4,8,5,2,2,2,0,5,14,6,1,0,4,8,3,9,17,42,6,0,14,1,11,1,5,0,2,10,0,3,1,0,0,2,11,0,3,15,3,0,0,1,16,0,0,0,2,0,0,0,0,2,0,0,0,0,0,1,0,0,Boston
2018-02-24,22,22,3,10,3,2,1,0,2,12,11,2,3,0,0,12,2,10,24,29,3,1,8,1,3,0,12,0,0,7,1,0,1,1,0,4,9,1,2,11,2,4,0,0,19,0,0,3,1,0,0,0,0,1,0,0,0,0,0,0,0,0,Boston
2018-02-25,13,19,2,9,1,4,0,3,0,11,6,3,1,1,2,11,1,14,15,32,5,0,9,1,5,0,3,2,0,6,0,0,2,0,0,1,9,0,2,10,0,0,0,0,3,0,0,0,0,0,0,0,0,1,0,0,0,0,0,0,0,0,Boston
2018-02-26,14,23,2,9,3,1,0,2,0,10,22,2,6,0,3,20,5,4,36,28,9,1,8,1,3,0,6,1,4,6,0,1,1,0,3,5,6,1,0,11,2,1,0,2,7,0,0,2,0,0,0,0,0,1,0,0,0,0,0,0,0,0,Boston
2018-02-27,21,14,2,5,5,4,2,2,0,11,20,2,4,0,0,13,5,10,33,22,8,0,7,1,5,0,7,0,4,4,0,2,1,0,0,3,10,0,0,10,2,2,1,0,12,1,0,0,1,0,1,0,0,0,0,0,0,0,0,0,0,0,Boston
2018-02-28,16,18,2,10,10,4,0,0,0,6,23,2,4,1,2,14,0,2,26,26,9,1,7,1,5,1,5,0,4,2,0,1,2,0,0,2,8,0,3,15,5,3,0,0,19,0,1,2,1,0,0,0,0,1,0,0,0,0,0,0,0,0,Boston
2018-03-01,13,27,7,11,7,5,1,4,0,6,29,0,4,3,6,7,2,8,15,29,4,1,14,1,2,0,6,1,3,4,0,1,1,0,0,1,6,1,0,17,1,1,1,0,23,0,0,1,1,0,0,0,0,1,0,1,0,0,0,0,0,0,Boston
2018-03-02,6,17,2,15,4,0,1,0,0,8,14,3,3,1,3,7,2,6,28,52,9,0,19,1,3,0,2,0,5,3,0,1,1,0,23,4,3,0,3,10,2,0,1,1,4,0,1,0,1,0,6,1,0,0,0,0,0,0,0,0,0,0,Boston
2018-03-03,13,20,1,8,5,4,0,3,0,9,7,1,4,2,3,5,0,7,18,31,7,2,16,2,2,0,8,0,2,2,0,0,0,0,0,3,8,1,3,12,1,1,0,0,14,0,0,1,0,0,0,0,0,0,0,0,0,0,0,0,0,0,Boston
2018-03-04,10,9,1,10,2,6,1,2,2,14,13,2,1,1,5,15,4,11,23,22,3,0,9,1,3,0,4,0,5,2,0,1,2,0,1,2,7,1,1,15,1,0,0,0,12,0,0,0,0,0,0,0,0,1,0,0,0,0,0,0,0,0,Boston
2018-03-05,8,15,6,8,8,2,2,4,0,10,12,0,5,1,6,6,2,5,15,30,4,0,15,1,1,0,6,0,1,5,0,0,3,0,0,2,5,0,0,13,1,2,0,0,13,0,0,0,0,0,0,0,0,0,0,0,0,0,0,0,0,0,Boston
2018-03-06,19,16,0,12,5,4,0,3,0,11,20,2,3,0,4,13,2,6,23,27,4,1,13,0,3,0,9,1,4,11,0,0,0,0,0,4,4,0,0,11,1,1,0,0,21,1,0,0,0,0,2,1,0,1,0,0,0,0,0,0,0,0,Boston
2018-03-07,12,21,3,4,7,1,2,1,2,8,8,0,5,1,3,12,2,4,18,38,2,1,10,2,2,0,3,0,0,14,0,1,0,0,2,2,9,0,0,10,0,0,2,0,23,0,0,1,0,0,0,0,0,0,0,0,0,0,0,0,0,0,Boston
2018-03-08,18,17,0,11,9,5,2,2,0,9,10,4,2,0,3,7,5,7,23,25,3,0,14,0,6,1,8,0,3,10,0,0,0,0,10,1,7,0,1,15,1,0,2,0,14,0,0,0,0,0,0,0,0,0,0,0,0,0,0,0,0,0,Boston
2018-03-09,12,18,6,9,2,0,1,1,1,10,18,3,8,1,4,10,3,8,16,40,9,2,14,1,8,0,8,0,3,8,0,1,0,0,2,0,12,1,0,23,2,1,0,0,21,0,0,1,2,0,0,0,1,0,0,0,0,0,0,0,0,0,Boston
2018-03-10,9,24,3,8,5,1,1,1,0,14,12,1,1,1,3,19,4,9,22,26,13,0,12,0,2,1,3,1,1,7,0,1,2,0,0,2,16,0,5,11,4,2,0,2,12,0,0,1,1,0,0,0,0,0,0,0,0,0,0,0,0,0,Boston
2018-03-11,14,19,1,9,1,0,0,1,2,12,6,3,2,1,1,9,1,4,23,17,2,2,12,0,4,0,3,0,2,4,1,1,0,0,0,2,1,0,0,9,3,0,0,0,4,0,0,0,0,0,2,0,0,0,0,0,0,0,0,0,0,0,Boston
2018-03-12,10,18,5,10,3,2,0,1,0,12,19,5,6,1,4,10,6,5,25,34,2,2,3,2,10,0,5,0,2,5,0,0,3,0,1,2,17,0,1,12,1,1,2,1,7,0,1,0,2,0,2,0,0,0,0,0,0,0,0,0,0,0,Boston
2018-03-13,6,9,3,5,3,4,0,0,0,8,10,2,2,0,1,5,0,0,18,36,1,0,11,1,3,0,0,0,2,1,0,0,2,0,3,2,88,0,1,7,0,0,0,1,0,0,0,0,0,0,0,0,0,2,0,0,0,0,0,0,0,0,Boston
2018-03-14,7,15,1,8,11,1,1,1,0,13,15,3,1,0,3,7,3,6,27,32,7,0,7,1,3,0,6,0,2,8,0,3,0,1,1,1,15,0,0,11,0,1,0,0,4,1,0,2,0,0,0,0,0,0,0,0,0,0,0,0,0,0,Boston
2018-03-15,20,19,6,15,4,5,0,0,0,20,14,1,2,0,2,11,1,3,29,31,6,0,9,0,1,0,5,0,2,11,0,1,3,0,0,0,11,0,0,9,0,5,3,0,28,1,1,0,1,0,0,0,0,0,0,0,0,0,0,0,0,0,Boston
2018-03-16,13,15,2,11,6,2,0,5,0,12,17,4,7,1,0,17,0,5,26,41,10,0,8,1,7,0,3,0,1,5,0,2,1,0,0,5,7,1,2,17,0,1,2,0,10,0,0,1,4,0,0,0,0,0,0,0,0,0,0,0,0,0,Boston
2018-03-17,12,18,1,11,3,3,1,2,1,15,5,2,1,0,3,21,5,5,17,35,7,1,11,0,4,0,3,0,5,4,0,1,2,0,1,6,7,0,5,12,1,0,0,0,6,0,2,2,1,0,3,0,0,2,0,0,0,0,0,0,0,0,Boston
2018-03-18,6,18,4,14,2,1,0,3,0,16,16,1,2,1,1,22,5,5,15,35,11,0,9,0,6,0,7,1,1,1,0,1,0,1,0,4,7,0,8,17,1,0,0,0,5,0,0,0,1,0,0,0,0,2,0,0,0,0,0,0,0,0,Boston
2018-03-19,10,18,1,7,9,1,1,1,1,7,20,1,3,1,4,10,2,4,26,40,10,1,4,0,3,1,6,0,1,4,1,2,0,0,1,3,11,1,0,8,1,0,2,1,15,0,0,1,0,0,0,0,0,0,1,0,0,0,0,0,0,0,Boston
2018-03-20,19,12,6,10,5,3,1,2,2,9,21,5,4,2,5,6,8,3,30,34,4,1,6,3,9,0,9,0,2,9,0,1,1,0,0,2,5,1,0,10,2,2,0,0,15,1,1,0,0,0,1,0,0,0,0,0,0,0,0,0,0,0,Boston
2018-03-21,21,19,3,5,10,3,1,3,0,8,19,8,2,0,0,12,5,7,28,29,0,0,10,1,10,1,5,2,3,7,1,2,1,0,1,3,10,1,6,9,2,0,0,0,20,1,0,2,1,0,0,0,0,0,0,0,0,0,0,0,0,0,Boston
2018-03-22,24,12,3,3,5,1,2,2,0,6,11,0,2,0,4,10,16,6,16,30,5,0,6,1,0,0,5,0,0,2,0,1,0,1,1,4,8,1,0,10,1,2,0,1,7,0,0,0,0,0,1,0,0,0,0,0,0,0,0,0,0,0,Boston
2018-03-23,10,23,3,11,9,5,2,1,1,7,17,4,1,1,3,10,2,9,18,39,2,2,12,1,6,0,1,0,0,7,2,3,2,0,1,6,4,0,2,9,3,2,3,0,15,0,0,0,2,0,0,1,0,0,0,0,0,0,0,0,0,0,Boston
2018-03-24,11,25,3,7,4,1,1,6,0,11,13,2,2,0,2,12,6,8,18,30,7,0,15,0,5,0,5,0,1,4,1,0,1,0,0,5,11,0,4,6,0,1,0,1,2,0,0,0,1,0,0,0,0,1,0,0,0,0,0,0,0,0,Boston
2018-03-25,12,26,2,5,3,2,0,2,1,10,16,1,1,1,0,15,5,12,21,35,9,3,5,1,2,0,6,0,3,4,1,0,1,0,0,3,11,0,1,5,0,1,0,3,11,1,1,2,0,1,0,0,0,1,0,0,0,0,0,0,0,0,Boston
2018-03-26,16,24,7,12,9,1,3,4,2,8,21,1,4,0,5,12,3,14,26,22,4,0,10,1,6,0,4,0,1,5,1,2,1,0,1,4,10,0,0,11,3,1,2,1,8,0,0,0,1,0,1,0,0,1,0,0,0,0,0,0,0,0,Boston
2018-03-27,26,19,8,13,8,4,1,5,0,6,16,2,4,0,0,19,2,6,21,33,7,0,7,0,3,0,10,0,1,13,1,3,1,0,1,1,8,0,0,6,3,2,0,0,22,0,0,0,2,0,0,0,0,0,0,0,0,0,0,0,0,0,Boston
2018-03-28,14,26,2,5,4,2,0,2,5,13,13,3,5,1,6,16,10,4,22,27,7,2,9,0,10,0,2,0,2,9,0,1,1,1,1,2,7,0,5,10,2,6,2,0,17,1,0,1,2,0,1,0,0,0,0,0,0,0,0,0,0,0,Boston
2018-03-29,11,21,4,6,7,1,1,3,0,7,22,1,1,0,4,14,4,12,15,35,7,0,5,1,3,0,5,0,2,6,0,0,1,0,0,1,14,0,3,14,1,1,0,1,11,0,0,1,1,0,1,0,0,0,0,0,0,0,0,0,0,0,Boston
2018-03-30,15,26,2,13,5,4,3,4,0,10,11,3,4,1,4,10,8,8,22,29,6,1,6,1,5,0,3,0,2,7,0,1,1,0,0,4,10,0,4,13,1,0,0,0,17,2,0,0,3,1,1,0,0,0,0,0,0,0,0,0,0,0,Boston
2018-03-31,15,14,2,19,5,5,0,3,0,11,13,0,4,0,6,21,0,4,21,30,8,0,9,0,3,0,2,0,3,4,0,2,1,0,2,4,9,0,1,12,2,0,0,3,14,0,1,0,0,1,1,0,0,5,0,0,0,0,0,0,0,0,Boston
2018-04-01,19,17,6,11,5,5,0,1,1,11,15,2,1,0,3,16,1,8,15,28,10,1,11,2,2,0,4,0,2,3,1,3,0,1,0,2,7,0,2,16,3,1,0,2,5,0,0,0,2,0,0,1,0,2,0,0,0,0,0,0,0,0,Boston
2018-04-02,15,25,6,4,6,3,1,7,1,5,11,1,7,0,8,20,4,8,26,27,4,1,10,1,3,0,8,0,0,8,0,3,2,1,1,1,9,1,1,17,1,1,1,0,16,0,0,1,1,0,1,0,0,0,0,0,0,0,0,0,0,0,Boston
2018-04-03,15,20,8,9,10,2,1,1,0,7,17,1,3,1,5,8,7,3,22,40,6,2,10,0,3,0,3,0,2,3,1,0,1,1,1,4,9,1,0,6,1,1,0,0,13,0,0,0,0,0,0,0,1,2,0,0,0,0,0,0,0,0,Boston
2018-04-04,17,22,3,4,7,1,2,3,0,12,19,2,6,0,4,17,6,6,20,27,7,0,6,3,6,0,6,0,1,6,0,3,4,0,0,5,10,0,4,14,2,2,2,0,7,0,1,0,0,0,1,0,0,1,0,0,0,0,0,0,0,0,Boston
2018-04-05,11,20,5,7,12,7,0,3,0,7,24,2,3,1,9,14,2,2,28,24,4,2,15,3,5,0,9,0,3,4,0,0,2,0,0,3,12,2,3,11,1,4,1,1,19,2,1,0,0,1,1,0,0,1,0,0,0,0,0,1,0,0,Boston
2018-04-06,12,18,5,15,5,3,0,1,1,7,12,5,3,1,3,13,2,10,21,20,7,0,12,1,5,0,7,0,0,6,0,1,0,0,0,1,11,0,3,2,3,0,1,2,15,0,0,0,0,0,0,0,0,0,0,0,0,0,0,0,0,0,Boston
2018-04-07,14,20,6,8,8,4,0,2,0,9,10,2,2,1,2,20,6,15,22,39,3,2,12,1,3,0,1,1,3,4,0,2,0,1,0,5,15,0,7,11,1,0,2,0,12,0,0,0,1,1,0,0,0,1,0,0,0,0,0,0,0,0,Boston
2018-04-08,7,13,4,11,1,6,2,3,0,8,11,4,3,0,1,7,5,6,24,27,4,0,15,0,5,0,2,0,3,3,0,0,1,0,0,2,10,2,0,17,4,1,0,0,4,0,0,2,1,0,0,0,0,0,0,0,0,0,0,0,0,0,Boston
2018-04-09,17,11,5,8,7,0,1,3,0,7,19,1,2,1,7,7,3,7,25,27,6,1,12,1,2,0,8,0,3,6,0,0,2,1,1,1,16,0,3,13,1,3,3,1,11,0,0,0,0,0,0,0,0,0,0,0,0,0,0,0,0,0,Boston
2018-04-10,15,28,2,9,12,4,1,2,0,13,19,0,4,1,2,13,7,13,24,19,5,1,15,1,2,0,4,0,1,9,2,0,2,0,1,3,12,0,3,6,1,2,0,1,14,1,0,1,0,2,0,0,0,0,0,0,0,0,0,0,0,0,Boston
2018-04-11,20,21,4,13,5,1,0,4,0,4,21,2,5,0,8,22,6,7,31,19,3,1,9,3,6,0,10,1,2,6,0,1,2,1,0,5,6,0,0,13,4,1,1,2,12,1,0,0,1,0,0,0,0,0,0,0,1,0,0,0,0,0,Boston
2018-04-12,16,24,5,8,8,3,3,4,0,8,20,2,5,0,5,18,5,7,33,30,4,1,14,1,5,0,8,0,2,8,1,1,2,0,0,1,7,1,0,14,2,3,3,0,19,0,1,0,1,0,0,1,0,1,0,0,0,0,0,1,0,0,Boston
2018-04-13,14,26,2,9,6,5,2,4,1,11,13,3,4,0,3,17,4,7,19,36,9,1,9,0,7,0,5,0,0,15,1,2,2,0,0,4,5,0,1,6,3,3,2,0,14,0,0,0,5,0,1,0,0,1,1,0,0,0,0,0,0,0,Boston
2018-04-14,18,21,7,8,4,6,0,2,1,13,11,5,2,0,4,23,5,6,18,28,10,1,15,0,6,0,6,0,0,4,0,0,3,0,1,5,13,0,2,16,1,2,3,0,17,0,0,1,2,0,0,0,0,4,0,0,0,0,0,0,0,0,Boston
2018-04-15,16,15,0,8,2,3,2,1,1,6,7,5,2,1,1,11,3,6,13,32,3,1,11,0,8,0,7,0,0,1,1,0,1,0,2,3,16,1,1,13,0,2,0,1,7,0,1,2,0,0,0,0,0,2,0,0,0,0,0,0,0,0,Boston
2018-04-16,7,14,6,6,5,2,1,4,2,11,12,2,2,0,1,8,2,6,31,23,5,0,11,0,4,0,1,0,2,1,0,1,0,0,2,2,5,1,1,10,2,1,0,0,4,0,0,0,0,0,0,1,0,0,0,0,0,0,0,0,0,0,Boston
2018-04-17,12,19,5,13,6,2,0,2,0,10,15,3,8,0,2,12,11,4,31,20,5,1,9,2,3,0,5,0,0,10,0,1,2,0,0,1,10,0,9,16,3,0,0,0,16,0,1,0,0,0,0,0,0,0,0,0,0,0,0,0,0,0,Boston
2018-04-18,18,17,3,4,8,0,1,0,1,8,21,4,3,2,3,15,4,9,20,32,5,1,9,1,9,0,6,0,3,8,0,0,1,0,0,1,13,0,7,15,1,2,0,0,14,0,1,0,2,0,0,0,0,0,0,0,0,0,0,0,0,0,Boston
2018-04-19,16,26,5,4,9,4,1,3,4,8,13,1,3,1,3,11,1,10,24,30,7,0,11,0,4,1,3,0,0,6,0,2,0,0,2,6,10,0,5,10,1,0,0,0,13,0,2,0,0,0,0,0,0,0,0,0,0,0,0,0,0,0,Boston
2018-04-20,15,27,2,11,6,1,1,2,1,7,13,5,5,0,2,17,4,4,30,30,10,0,15,1,11,1,6,0,4,12,0,5,0,0,1,1,11,1,1,11,7,4,0,1,24,0,1,1,0,0,0,0,2,1,0,0,0,0,0,0,0,0,Boston
2018-04-21,11,28,3,11,5,3,1,3,2,11,12,3,1,2,3,17,3,9,24,26,10,1,3,0,7,0,9,0,4,5,0,0,1,2,0,3,9,1,1,11,2,3,0,1,15,0,0,0,0,0,1,0,0,2,0,0,0,0,0,0,0,0,Boston
2018-04-22,8,18,4,7,3,2,0,2,0,10,9,1,3,0,1,18,2,10,20,30,9,3,11,2,2,0,3,1,1,4,2,0,2,0,0,3,7,0,1,13,2,3,0,0,9,0,1,1,1,0,0,2,0,0,0,0,0,0,0,0,0,0,Boston
2018-04-23,10,16,9,11,4,3,1,3,3,9,10,3,2,1,0,9,0,4,25,39,7,0,9,1,7,0,1,0,1,6,0,2,0,2,0,3,14,0,2,10,3,4,1,1,19,0,0,1,0,0,1,0,0,0,0,0,0,0,0,1,0,0,Boston
2018-04-24,17,16,2,16,8,3,1,2,2,9,15,3,4,2,1,10,3,8,30,32,8,2,10,2,7,0,6,0,4,9,0,1,2,0,0,0,11,1,0,5,1,2,1,0,12,1,0,1,0,0,0,0,0,0,0,0,0,0,0,1,0,0,Boston
2018-04-25,13,16,1,11,5,1,1,3,1,10,22,5,2,0,2,14,4,2,34,31,9,0,11,2,7,1,9,0,3,8,1,1,1,0,1,6,7,0,10,11,1,2,2,2,14,0,1,1,0,0,0,0,0,1,0,0,0,0,0,0,0,0,Boston
2018-04-26,13,22,9,14,8,5,2,1,3,11,16,2,4,0,2,21,3,12,26,30,7,0,9,1,3,0,7,0,5,5,0,0,0,0,0,3,9,0,0,12,0,4,3,0,5,1,1,0,1,0,0,0,0,1,0,0,0,0,0,0,0,0,Boston
2018-04-27,14,29,3,11,7,3,1,2,0,16,18,2,6,1,4,15,0,8,28,29,10,0,4,0,5,0,7,0,4,12,0,2,1,0,1,2,15,0,1,13,1,5,1,0,21,1,0,0,2,0,0,0,0,0,0,0,0,0,0,0,0,0,Boston
2018-04-28,14,25,1,9,2,3,2,7,1,18,17,2,1,0,3,16,5,9,17,45,8,0,11,1,2,0,3,0,2,3,0,0,0,0,0,3,19,1,2,12,1,0,0,0,11,0,0,1,1,1,4,0,0,2,0,0,0,0,0,0,0,0,Boston
2018-04-29,13,21,2,8,4,1,0,3,1,12,14,4,1,0,4,16,1,6,33,27,9,0,5,0,5,0,1,0,4,5,1,0,1,0,0,3,12,0,2,11,1,0,0,0,2,0,0,0,0,0,0,0,0,0,0,0,0,0,0,0,0,0,Boston
2018-04-30,17,22,5,15,8,8,0,3,0,3,18,6,4,0,3,13,4,7,17,32,7,0,12,2,7,1,7,0,1,5,0,1,2,0,0,3,11,1,2,11,1,0,0,0,19,0,1,0,0,0,0,0,0,0,0,0,0,0,0,0,0,0,Boston
2018-05-01,15,23,4,25,12,1,2,3,2,8,20,6,3,0,3,19,2,5,28,33,6,0,14,1,10,0,5,0,1,10,0,2,0,0,0,1,13,0,0,16,0,0,0,0,14,1,0,1,0,0,0,0,0,1,0,0,0,0,0,1,0,0,Boston
2018-05-02,23,24,3,12,10,2,2,0,2,10,25,4,2,1,2,20,5,9,40,25,7,0,12,0,9,1,9,0,5,14,1,0,1,0,0,6,15,0,0,14,2,3,0,0,23,0,0,3,1,0,1,0,0,1,0,0,0,0,0,0,0,0,Boston
2018-05-03,17,21,4,10,7,5,3,5,0,6,15,4,4,0,1,14,3,7,35,30,8,0,11,2,5,1,3,1,0,9,0,4,2,0,0,2,7,2,0,17,2,2,0,2,14,0,0,0,0,0,0,0,0,0,0,0,0,0,0,0,0,0,Boston
2018-05-04,19,19,5,12,9,3,2,3,2,19,17,3,4,1,1,23,1,9,34,36,9,1,14,1,8,0,6,0,4,8,2,0,1,1,0,2,12,0,1,18,2,6,1,0,20,0,0,1,3,2,0,0,0,0,0,0,0,0,0,0,0,0,Boston
2018-05-05,14,29,1,13,3,7,0,1,3,15,14,6,2,1,2,21,3,8,22,31,12,2,23,0,10,0,2,0,1,2,0,0,0,1,4,5,10,0,1,12,2,2,1,1,5,0,2,1,1,0,0,0,0,2,0,0,0,0,0,0,0,0,Boston
2018-05-06,15,17,1,11,3,5,0,2,2,16,8,5,2,3,0,17,4,9,31,26,7,3,19,0,3,1,3,0,2,3,0,0,0,0,1,2,6,0,2,21,3,0,0,0,6,0,0,0,0,0,0,0,0,0,0,0,0,0,0,0,0,0,Boston
2018-05-07,16,19,2,17,4,1,1,3,0,10,28,3,2,2,1,27,3,6,27,23,9,0,19,1,4,0,9,0,2,4,0,2,1,0,0,7,16,1,0,13,3,2,0,0,17,1,0,1,0,0,0,0,0,1,0,0,0,0,0,1,0,0,Boston
2018-05-08,16,22,3,8,9,4,1,4,0,13,17,3,1,1,5,13,4,3,21,29,6,2,9,0,8,0,9,0,1,8,0,1,2,0,1,2,14,1,1,13,0,0,0,1,12,0,0,1,0,1,1,0,0,0,0,0,0,0,0,0,1,0,Boston
2018-05-09,8,23,1,6,6,3,3,1,0,5,10,1,1,0,4,15,7,5,29,32,12,1,11,1,2,0,11,1,0,15,3,1,1,1,0,3,14,0,3,16,2,0,1,0,23,0,0,0,0,0,0,0,0,0,1,0,0,0,0,0,0,0,Boston
2018-05-10,16,36,5,11,6,4,0,2,0,16,27,3,3,0,2,20,4,6,24,26,10,0,15,2,4,0,6,0,5,3,0,0,2,0,0,2,12,0,7,10,1,2,0,1,19,0,1,1,1,0,0,0,0,0,0,0,0,0,0,0,0,0,Boston
2018-05-11,18,26,8,14,9,3,1,4,1,13,15,1,3,1,6,21,3,11,21,37,6,1,9,1,3,0,6,0,2,6,1,1,3,1,0,8,11,0,0,10,0,1,2,0,19,0,1,1,2,0,0,0,0,0,0,0,0,0,0,0,0,0,Boston
2018-05-12,10,26,3,9,4,4,1,2,1,7,15,2,2,1,1,15,6,8,19,27,3,1,13,0,3,0,6,1,1,8,0,0,2,0,0,4,14,0,0,15,5,1,0,1,11,0,0,1,0,0,0,0,0,0,0,0,0,0,0,0,0,0,Boston
2018-05-13,9,17,3,5,4,3,0,0,0,18,12,2,0,0,3,20,2,11,22,32,13,0,11,1,5,0,1,0,1,5,0,0,2,0,0,2,12,0,1,9,0,1,0,1,2,0,0,0,0,0,0,0,0,1,0,0,0,0,0,0,0,0,Boston
2018-05-14,17,29,2,4,4,4,1,4,2,13,12,2,3,0,5,18,2,7,29,25,6,0,11,0,4,0,3,0,1,7,0,3,0,0,1,1,14,1,0,9,3,0,0,1,10,0,0,1,0,0,0,0,0,1,0,0,0,0,0,0,0,0,Boston
2018-05-15,18,15,3,7,12,5,0,2,1,16,20,3,6,0,5,16,5,5,31,48,12,1,18,1,4,0,7,0,2,3,0,1,2,2,1,5,16,0,1,7,2,2,1,0,17,1,0,1,1,1,1,1,0,1,0,0,0,0,0,0,0,0,Boston
2018-05-16,12,19,4,9,7,2,1,3,2,11,11,2,3,0,3,14,9,9,24,25,3,2,9,0,7,0,3,0,1,10,0,1,1,0,0,3,7,0,0,15,3,1,2,0,16,0,1,3,0,0,2,0,0,1,0,0,1,0,0,0,0,0,Boston
2018-05-17,11,29,5,7,6,4,2,2,2,13,23,1,5,0,4,14,9,14,29,37,15,0,10,1,4,3,3,0,2,8,0,1,2,0,0,2,16,0,0,13,2,4,0,0,11,0,2,0,0,0,1,0,0,0,0,0,0,0,0,0,0,0,Boston
2018-05-18,20,25,3,9,6,5,1,0,1,19,19,2,4,0,4,20,0,7,22,37,9,0,9,4,4,0,6,0,1,8,1,0,3,0,1,2,13,1,0,11,5,2,0,1,27,1,0,0,3,0,0,0,0,0,0,0,1,0,0,0,0,0,Boston
2018-05-19,12,21,1,10,4,11,1,1,2,13,14,3,2,2,1,22,6,7,23,22,6,2,12,1,4,0,6,0,3,6,0,2,4,0,2,1,12,0,3,13,2,1,2,0,7,0,0,0,0,0,0,0,0,0,0,0,0,0,0,0,0,0,Boston
2018-05-20,10,21,5,5,3,2,0,4,2,11,22,1,1,0,5,18,7,11,20,27,8,1,13,0,3,0,5,0,2,3,1,1,1,0,0,4,11,0,1,15,1,1,0,0,13,0,0,1,0,0,2,0,0,0,0,0,0,0,0,0,0,0,Boston
2018-05-21,18,23,9,8,4,9,1,7,1,11,22,4,2,0,3,21,7,5,22,28,12,1,9,3,6,0,6,0,1,7,2,1,4,0,1,6,14,1,1,7,1,2,0,0,12,0,2,0,1,0,1,0,0,1,0,0,0,0,0,0,0,0,Boston
2018-05-22,19,22,10,10,6,2,2,1,4,8,27,0,3,0,4,17,4,5,21,45,5,2,11,0,1,0,3,1,1,9,2,1,0,1,1,3,15,0,0,13,1,1,0,0,9,2,1,1,0,0,0,0,0,0,0,0,0,0,0,0,0,0,Boston
2018-05-23,22,23,2,13,7,5,1,1,2,11,23,3,6,0,10,18,5,14,37,34,4,2,8,2,7,0,6,0,0,17,1,3,3,0,0,3,9,1,1,12,0,3,0,0,11,0,3,1,0,0,3,0,0,1,0,1,1,0,0,0,0,0,Boston
2018-05-24,9,23,5,10,6,4,2,4,0,10,13,2,4,0,5,22,7,8,25,33,5,1,7,2,3,0,2,0,3,10,0,2,0,0,0,6,16,2,3,9,0,2,2,2,18,0,0,1,1,0,1,0,0,0,0,0,0,0,0,0,0,0,Boston
2018-05-25,21,16,5,11,5,1,0,1,0,14,20,4,2,0,7,21,2,10,24,44,3,1,9,0,8,0,5,0,0,5,2,4,2,0,0,5,12,0,1,10,0,1,1,2,18,0,0,1,3,0,1,0,0,0,0,0,0,0,0,0,0,0,Boston
2018-05-26,18,20,1,9,6,5,0,1,2,13,16,0,5,1,4,14,2,11,29,36,13,0,12,0,7,0,4,0,2,8,1,1,0,0,1,3,8,0,1,16,3,2,1,0,13,0,0,1,0,0,0,0,0,1,0,1,0,0,0,0,0,0,Boston
2018-05-27,15,13,3,16,4,6,1,4,0,16,14,3,5,0,3,17,1,10,29,32,3,1,14,1,3,0,1,0,1,2,0,1,3,0,0,2,7,0,1,16,1,4,1,1,2,0,0,0,0,0,0,0,0,0,0,0,0,0,0,0,0,0,Boston
2018-05-28,16,12,1,6,7,5,3,3,2,12,15,3,1,1,2,10,4,8,26,26,7,1,9,3,6,0,1,0,4,3,0,0,0,0,1,2,10,2,1,12,1,2,0,1,6,0,0,2,0,0,0,0,0,0,0,0,0,0,0,0,0,0,Boston
2018-05-29,19,28,2,14,4,2,0,1,1,15,19,1,2,0,1,17,3,11,17,39,5,1,9,1,5,1,6,1,4,8,0,1,0,1,1,4,17,0,0,13,3,5,0,0,13,0,1,0,4,1,0,0,0,1,0,0,0,0,0,0,0,0,Boston
2018-05-30,24,16,7,12,10,3,3,1,0,17,15,5,5,1,1,22,3,10,17,37,12,1,9,0,5,0,7,0,3,10,0,2,3,1,2,3,7,0,0,12,1,0,0,1,9,0,1,2,0,0,1,0,0,0,0,1,0,0,0,0,0,0,Boston
2018-05-31,23,34,8,8,10,0,0,2,3,15,22,5,3,0,8,14,2,13,30,29,8,2,6,0,6,0,10,0,0,7,1,1,0,1,0,1,7,1,1,15,2,0,0,1,12,0,1,0,1,0,0,0,0,0,0,0,0,0,0,0,0,0,Boston
2018-06-01,19,24,7,17,14,2,3,5,2,11,24,4,1,0,3,19,1,5,31,39,5,1,11,1,7,0,7,0,0,9,0,1,1,0,0,0,16,0,2,15,0,2,2,0,12,0,2,0,1,2,0,0,0,0,0,0,0,0,0,0,0,0,Boston
2018-06-02,14,24,2,10,3,4,1,1,1,12,11,3,1,1,5,19,5,6,27,45,10,1,15,0,6,1,3,0,2,4,0,0,1,2,1,7,18,0,4,16,0,1,0,1,6,0,1,2,0,0,0,0,0,1,0,0,0,0,0,0,0,0,Boston
2018-06-03,11,21,1,7,4,3,0,0,0,8,8,1,1,0,2,16,2,5,26,39,7,1,5,0,3,0,4,0,4,3,0,2,0,0,0,3,6,0,2,9,1,2,0,0,5,0,1,0,0,0,0,0,0,0,0,0,0,0,0,0,0,0,Boston
2018-06-04,15,16,4,14,10,6,1,4,1,13,14,1,4,0,6,10,1,10,33,37,5,1,9,4,5,1,2,0,1,8,2,3,1,0,2,2,13,1,1,8,1,1,2,0,17,0,0,1,1,0,0,0,0,0,1,0,0,0,0,0,0,0,Boston
2018-06-05,16,26,4,15,4,7,2,2,0,12,18,3,9,0,3,14,4,6,31,31,10,1,14,0,7,1,8,0,3,8,0,0,2,0,1,8,9,0,0,11,2,0,2,0,19,0,0,1,1,1,1,0,0,0,0,0,0,0,0,0,0,0,Boston
2018-06-06,14,27,4,10,9,5,0,2,0,5,21,0,4,0,4,18,3,7,21,35,9,2,14,1,3,1,7,0,4,4,0,0,2,1,2,5,8,1,1,13,1,2,1,2,21,1,0,0,0,0,1,0,0,1,0,0,0,0,0,0,0,0,Boston
2018-06-07,19,25,3,6,7,7,2,4,0,14,17,4,7,2,6,11,1,11,27,31,11,1,21,1,5,1,8,0,2,12,0,1,1,0,0,5,11,1,1,11,2,0,1,0,24,0,1,3,2,0,1,0,0,0,0,0,0,0,0,0,0,0,Boston
2018-06-08,9,23,3,8,9,1,1,5,1,18,19,4,4,0,4,19,3,13,25,48,5,0,19,1,5,0,7,0,0,7,0,0,3,1,0,4,11,0,1,12,3,3,2,0,7,1,0,3,3,0,1,0,0,1,0,0,0,0,0,0,0,0,Boston
2018-06-09,5,22,0,18,2,4,1,4,1,15,5,4,4,0,4,17,4,12,27,38,23,1,13,1,6,0,3,0,2,5,0,2,0,0,0,3,15,1,2,11,3,3,1,0,6,0,0,3,0,0,0,0,0,1,0,0,0,0,0,0,0,0,Boston
2018-06-10,10,19,4,9,3,4,1,0,0,14,14,3,2,0,6,18,1,10,19,22,6,3,14,1,7,0,5,0,1,4,0,2,0,0,2,4,9,0,0,22,0,3,0,1,4,0,0,2,1,0,0,1,0,0,0,0,0,0,0,0,0,0,Boston
2018-06-11,13,25,2,18,7,5,1,3,3,13,19,5,5,0,6,14,4,14,35,40,8,0,16,0,5,0,4,0,0,5,0,1,3,0,2,1,9,0,0,14,2,2,0,0,15,0,1,2,0,0,0,0,0,1,0,0,0,0,0,0,0,0,Boston
2018-06-12,27,15,3,9,4,7,1,2,2,14,11,1,8,0,2,15,3,14,22,31,18,1,12,2,2,0,3,0,0,10,1,1,3,0,1,3,8,0,3,14,2,0,0,1,27,0,1,2,2,0,1,0,0,0,0,0,0,0,0,0,0,0,Boston
2018-06-13,12,22,2,7,9,9,1,2,0,10,14,4,5,0,5,7,2,8,24,40,7,0,10,2,5,0,5,0,1,9,0,1,3,0,1,2,15,0,2,14,1,3,0,0,31,0,1,3,1,0,1,0,0,0,0,0,0,0,0,0,0,0,Boston
2018-06-14,18,24,4,12,11,10,1,0,0,18,22,4,7,2,8,20,2,11,27,33,9,0,16,3,8,0,5,0,1,13,0,2,1,2,0,2,12,0,0,13,1,2,1,0,15,0,0,2,1,0,0,0,0,0,0,0,0,0,0,0,0,0,Boston
2018-06-15,12,27,6,22,10,5,2,7,0,12,20,4,6,1,5,15,3,12,34,40,6,0,19,3,10,0,11,0,2,8,0,1,4,0,2,5,22,0,1,17,2,2,0,1,12,0,2,1,4,0,2,0,0,0,0,0,0,0,0,1,0,0,Boston
2018-06-16,21,19,2,9,5,4,1,2,1,10,6,5,3,0,5,21,6,8,26,27,13,0,14,1,7,0,7,0,1,6,0,1,0,1,0,2,13,0,2,16,3,0,0,1,3,0,0,0,1,0,0,0,0,2,0,0,0,0,0,1,0,0,Boston
2018-06-17,11,21,2,11,7,10,1,0,1,12,9,1,2,0,8,29,3,11,25,30,10,1,8,0,3,0,5,0,5,5,0,1,2,1,1,4,4,0,0,5,3,0,1,0,3,0,0,1,0,0,0,0,0,0,0,0,0,0,0,0,0,0,Boston
2018-06-18,16,20,5,10,9,3,2,2,1,15,19,2,1,1,6,19,4,12,22,39,8,0,13,0,4,0,7,1,1,9,1,0,3,1,1,2,14,0,0,13,1,0,0,1,12,0,2,0,1,0,1,0,1,0,0,0,1,1,0,0,0,0,Boston
2018-06-19,14,21,4,7,6,6,2,1,0,14,19,1,4,0,2,20,6,12,31,35,3,0,14,1,6,1,5,0,0,7,0,0,0,0,0,3,14,0,2,11,3,1,0,0,14,0,0,1,1,0,0,0,0,0,0,0,0,0,0,0,0,0,Boston
2018-06-20,15,28,7,11,5,3,1,0,1,12,20,3,6,0,8,20,1,11,23,26,8,0,10,1,7,2,4,0,1,14,0,4,4,1,0,0,13,0,2,10,2,1,3,0,15,1,1,0,1,0,0,0,0,2,0,0,0,0,0,0,0,0,Boston
2018-06-21,8,24,3,9,1,9,1,0,0,20,13,4,4,0,7,21,4,12,26,33,3,1,13,3,8,0,1,0,3,9,0,0,4,0,2,4,9,0,1,11,2,0,0,0,12,1,0,0,2,0,0,0,0,1,0,0,0,0,0,0,0,0,Boston
2018-06-22,20,15,5,16,3,1,2,4,0,19,7,2,3,1,5,21,5,8,32,41,10,0,10,0,6,0,3,0,2,1,1,1,0,0,2,6,7,1,0,8,1,0,0,0,16,0,0,1,4,0,0,0,0,0,0,0,0,0,0,0,0,0,Boston
2018-06-23,13,17,6,12,4,3,1,3,1,15,12,0,1,0,3,13,9,11,22,30,11,1,17,0,1,0,6,0,2,3,0,0,3,0,0,5,16,0,0,17,2,3,0,2,10,0,2,1,0,0,0,0,0,1,0,0,0,0,0,0,0,0,Boston
2018-06-24,8,22,3,7,1,4,0,3,1,19,17,5,3,0,2,19,1,15,27,42,7,0,14,1,5,0,4,0,3,6,1,0,1,0,1,7,9,0,2,13,1,0,0,0,10,0,0,0,1,0,0,0,0,2,0,0,0,0,0,0,0,0,Boston
2018-06-25,18,32,1,11,5,8,0,6,2,18,18,1,4,0,4,12,9,15,21,28,4,0,12,1,6,0,3,0,2,7,2,0,2,1,0,4,17,0,0,15,0,4,2,0,29,0,1,3,1,0,2,0,1,0,0,0,0,0,0,1,0,0,Boston
2018-06-26,9,27,3,12,4,3,0,3,1,13,14,0,2,0,6,20,4,12,21,47,4,1,14,2,2,0,6,0,5,7,0,0,2,1,0,6,10,0,3,12,2,3,0,0,21,0,0,0,1,0,1,0,1,0,0,0,0,0,0,0,0,0,Boston
2018-06-27,14,22,6,4,7,4,2,1,4,17,26,2,7,1,2,19,3,9,32,28,12,2,8,0,6,0,8,0,0,15,2,2,1,0,1,3,15,1,1,18,1,2,5,1,19,0,0,1,1,0,0,1,0,1,0,0,0,0,0,0,0,0,Boston
2018-06-28,19,18,2,7,10,8,1,2,4,19,17,2,2,1,6,13,4,8,25,35,6,1,14,1,6,0,3,0,1,5,1,1,0,0,0,4,11,1,0,16,2,1,1,1,14,0,0,0,1,0,0,0,0,0,0,0,0,0,0,0,0,0,Boston
2018-06-29,14,26,1,13,4,5,0,1,6,5,10,2,2,1,3,13,1,9,28,35,6,3,8,2,4,0,2,0,2,4,0,2,1,1,0,2,19,2,1,13,0,3,1,0,9,0,1,2,3,0,1,0,1,1,0,0,0,0,0,0,0,0,Boston
2018-06-30,16,26,3,11,6,4,0,4,3,13,14,3,3,0,4,21,6,7,23,39,6,1,8,1,6,0,5,0,2,6,0,1,1,1,0,5,14,0,1,15,1,5,3,0,10,0,0,1,0,2,1,0,0,3,0,0,0,0,0,0,0,0,Boston
2018-07-01,23,13,10,15,13,4,1,0,1,17,19,2,0,1,3,17,6,3,20,21,8,1,11,1,5,0,5,1,0,1,0,2,2,0,0,6,15,1,1,19,2,3,0,0,5,0,0,2,0,0,0,1,1,1,0,0,0,0,0,0,1,0,Boston
2018-07-02,13,20,4,7,9,9,0,0,3,13,13,4,5,1,1,13,1,7,30,24,6,1,5,0,5,0,11,0,3,11,1,4,1,0,1,2,14,0,3,12,1,1,4,0,28,1,1,2,0,0,0,1,0,0,0,0,0,0,0,0,0,0,Boston
2018-07-03,12,27,4,14,3,4,2,4,1,17,17,1,4,0,4,24,2,8,34,45,6,0,12,1,4,0,3,0,0,4,0,0,1,0,1,3,6,0,1,16,0,2,0,0,21,1,1,1,2,1,3,0,0,2,0,0,0,0,0,0,0,0,Boston
2018-07-04,14,23,5,7,3,6,0,1,2,14,14,5,2,2,4,19,2,5,22,27,12,1,22,0,5,0,7,0,5,4,0,1,2,1,0,3,6,0,0,14,1,5,0,0,9,1,0,1,0,1,0,1,0,0,0,0,0,0,0,0,0,0,Boston
2018-07-05,21,30,1,14,13,4,5,1,1,13,20,1,3,0,2,14,4,9,30,38,10,0,11,2,3,1,3,0,1,6,0,2,4,0,0,4,14,0,0,7,5,0,0,0,13,1,0,2,2,0,1,0,0,1,0,0,0,0,0,0,0,0,Boston
2018-07-06,19,22,3,9,8,8,2,3,4,12,12,4,1,0,3,14,6,6,22,27,10,0,12,1,5,0,3,0,2,7,0,1,2,0,0,5,8,0,0,14,4,2,0,0,13,0,0,0,2,0,0,0,0,1,0,0,0,0,0,0,0,0,Boston
2018-07-07,14,31,5,7,3,4,2,3,1,12,6,2,2,0,8,17,3,6,27,27,7,1,12,1,2,0,3,0,2,8,0,2,0,0,1,5,7,0,1,12,3,1,0,0,10,0,0,0,0,1,0,0,0,1,0,0,0,0,0,0,0,0,Boston
2018-07-08,7,23,0,6,2,5,0,1,0,13,14,5,1,0,4,17,4,7,17,35,8,2,11,2,5,0,7,1,0,3,0,1,1,0,1,2,2,0,0,12,0,2,0,1,7,0,1,0,0,0,0,0,0,0,0,0,0,0,0,0,1,0,Boston
2018-07-09,12,29,0,10,12,2,2,4,0,10,9,4,3,0,6,9,6,9,27,32,6,3,10,1,4,1,9,0,2,4,2,0,3,0,0,2,16,0,3,19,3,1,2,1,17,0,1,0,0,0,0,2,0,1,0,0,0,1,0,0,0,0,Boston
2018-07-10,21,26,3,8,11,4,0,2,0,16,21,3,3,0,3,15,5,13,22,32,8,2,11,1,5,0,10,0,0,5,0,2,1,0,0,3,8,1,0,9,3,1,0,0,20,1,1,2,0,0,0,0,0,1,0,1,0,0,0,0,0,0,Boston
2018-07-11,14,22,3,6,6,3,0,0,0,15,19,5,2,0,4,13,3,11,33,38,7,3,13,1,9,0,6,1,4,9,0,1,3,2,0,2,6,0,0,12,0,1,0,0,15,0,1,1,0,0,0,0,0,0,0,0,0,0,0,0,0,0,Boston
2018-07-12,14,20,3,11,3,5,1,2,0,9,17,4,6,0,6,20,4,10,24,47,5,1,4,0,6,0,2,0,4,6,0,3,1,0,1,2,3,2,2,9,3,1,2,0,24,1,0,0,0,0,0,0,0,1,0,0,0,0,0,0,0,0,Boston
2018-07-13,17,22,6,8,13,6,2,3,1,4,19,4,8,2,6,16,5,11,22,29,7,1,11,1,6,0,0,0,0,5,0,1,1,1,0,4,4,1,5,7,0,0,0,0,18,1,2,0,4,0,0,1,0,1,0,0,0,0,0,0,0,0,Boston
2018-07-14,13,27,4,8,3,5,1,3,0,9,11,3,3,0,2,17,4,10,29,33,14,1,14,0,7,0,10,0,2,6,0,3,1,0,1,1,7,1,3,10,4,1,0,0,8,0,0,1,0,0,1,2,0,1,0,0,0,0,0,0,0,0,Boston
2018-07-15,15,20,1,12,3,4,2,1,1,11,9,3,3,2,3,11,4,11,24,28,5,0,10,0,5,1,4,0,1,3,0,0,0,0,0,6,12,0,3,18,2,0,0,0,8,0,1,1,1,0,0,0,0,0,0,0,0,0,0,0,1,0,Boston
2018-07-16,8,30,5,8,5,5,1,2,1,6,18,2,1,0,3,19,7,8,13,28,4,1,7,3,8,0,2,0,1,10,1,2,1,1,0,2,7,0,0,13,1,1,0,1,17,0,1,0,2,0,0,0,0,0,0,0,0,0,0,0,0,0,Boston
2018-07-17,13,20,3,7,7,5,1,1,0,9,11,3,1,0,5,13,3,7,16,33,8,1,5,1,5,0,3,0,4,9,0,0,2,1,1,9,18,0,0,13,0,1,1,2,7,0,0,2,0,0,0,0,0,0,0,0,0,0,0,0,0,0,Boston
2018-07-18,15,19,2,11,6,6,0,3,1,11,23,2,8,0,3,8,3,8,11,38,6,2,10,1,7,0,3,0,0,7,0,1,1,0,0,1,17,1,1,6,1,1,3,0,22,0,1,1,3,0,0,2,0,2,1,0,0,0,0,0,1,0,Boston
2018-07-19,15,35,2,10,5,8,3,4,3,13,22,0,2,1,4,15,5,15,14,31,5,1,5,2,1,1,8,0,1,6,0,1,2,0,0,3,6,0,0,18,1,5,0,0,9,0,1,2,5,0,0,0,0,2,0,0,0,0,0,0,0,0,Boston
2018-07-20,18,38,3,7,9,3,1,2,1,7,22,2,6,0,3,19,2,5,20,19,4,4,6,1,6,0,1,0,0,7,2,2,1,1,2,1,6,0,2,17,3,0,0,0,20,0,0,0,3,0,2,0,0,1,0,0,0,1,0,0,0,0,Boston
2018-07-21,16,30,8,10,5,2,2,5,1,15,7,1,2,0,4,18,7,6,31,35,8,2,5,1,3,0,4,0,1,5,1,0,0,0,1,5,10,0,0,10,2,1,0,0,12,0,2,0,0,0,1,1,0,1,0,0,0,0,0,0,0,0,Boston
2018-07-22,9,25,3,9,5,3,0,0,0,12,15,2,2,0,4,17,2,12,25,28,5,0,8,0,4,0,3,0,2,4,0,2,2,0,3,1,7,0,0,20,0,5,0,0,10,0,0,2,0,2,0,1,0,1,0,0,1,0,0,0,0,0,Boston
2018-07-23,14,29,3,4,11,4,3,1,2,14,13,5,2,0,8,17,3,18,18,31,8,1,16,1,6,0,4,0,3,5,1,2,1,0,2,5,18,1,1,11,2,1,0,1,18,0,0,2,0,0,0,0,0,1,0,0,0,0,0,0,0,0,Boston
2018-07-24,19,25,2,9,8,4,0,1,0,10,15,1,3,1,2,15,5,14,27,30,8,0,14,0,4,0,6,2,0,7,0,1,1,0,1,1,12,0,0,12,4,2,0,0,28,0,3,1,0,0,0,0,0,1,0,0,0,0,0,1,0,0,Boston
2018-07-25,17,37,2,10,7,4,0,1,0,11,13,5,8,2,4,17,7,8,24,29,10,0,18,1,6,0,8,0,1,9,0,1,0,0,0,2,12,0,0,9,0,0,0,0,17,2,1,3,2,2,0,0,0,1,0,0,0,0,0,0,0,0,Boston
2018-07-26,15,23,4,10,4,7,0,1,3,6,19,6,6,2,3,14,6,7,15,31,10,1,15,1,8,0,6,0,2,5,0,3,1,0,2,1,10,0,0,21,1,1,0,0,13,0,1,0,0,1,0,2,0,0,0,0,0,0,0,0,0,0,Boston
2018-07-27,15,39,10,9,9,3,2,4,1,13,18,0,6,0,6,12,4,13,20,30,6,2,5,2,1,0,8,0,1,8,1,2,2,0,0,1,6,1,0,16,3,1,0,0,15,2,0,0,4,0,0,0,0,0,0,0,0,0,0,0,0,0,Boston
2018-07-28,11,22,1,17,3,4,3,5,0,8,26,1,0,0,5,20,3,9,20,30,9,0,17,0,6,0,5,0,2,6,1,1,1,0,0,3,15,0,2,12,0,7,0,0,10,0,0,2,0,0,1,0,0,2,0,0,0,0,0,0,0,0,Boston
2018-07-29,14,19,2,15,8,4,0,3,0,13,13,2,1,1,3,17,4,12,18,34,18,3,10,0,8,0,3,0,0,2,0,1,1,0,3,5,9,1,0,10,1,1,0,0,2,0,2,0,0,0,3,0,0,1,0,0,0,0,0,0,0,0,Boston
2018-07-30,16,38,3,7,9,6,1,2,1,13,15,1,0,0,2,11,8,8,19,27,8,2,10,2,2,0,4,0,2,9,0,0,2,0,0,1,11,0,1,9,0,1,0,0,20,0,0,1,1,0,0,0,0,0,0,0,0,0,0,0,0,0,Boston
2018-07-31,24,32,1,14,9,8,2,1,0,10,15,2,3,0,1,12,5,8,17,29,5,2,14,0,3,0,4,0,1,3,0,3,2,0,0,6,11,0,1,20,1,0,0,0,9,1,0,1,1,0,0,0,0,2,0,0,0,0,0,0,0,0,Boston
2018-08-01,15,25,6,20,14,4,0,3,1,16,12,0,5,0,3,17,4,6,14,29,8,3,8,0,3,0,4,0,0,6,0,1,0,0,0,3,12,0,1,11,1,1,1,1,22,0,1,1,3,1,1,1,0,0,0,0,0,0,0,1,0,0,Boston
2018-08-02,16,21,2,6,10,5,0,6,0,5,13,2,3,0,5,20,2,14,23,27,6,1,15,0,4,1,1,0,3,11,1,6,1,0,0,4,10,0,2,21,3,2,3,0,11,1,1,1,0,0,1,0,0,0,0,0,0,0,0,0,0,0,Boston
2018-08-03,20,34,3,16,8,6,0,2,0,15,19,1,1,1,6,11,5,7,28,40,6,0,11,3,6,0,5,0,1,12,0,3,2,0,0,5,12,0,1,15,4,1,1,0,23,1,1,0,8,0,1,0,0,0,0,0,0,0,0,0,1,0,Boston
2018-08-04,16,21,4,9,4,5,1,4,1,14,9,2,1,3,2,11,4,10,21,27,9,3,9,0,6,1,1,0,1,2,0,0,0,0,1,2,8,0,0,22,1,0,1,0,16,0,1,1,0,0,0,0,0,0,0,0,0,0,0,0,0,0,Boston
2018-08-05,14,16,2,15,2,3,1,1,1,16,8,0,0,2,1,15,4,11,19,30,8,0,14,0,3,0,6,0,3,5,0,1,0,0,3,4,4,0,1,12,2,1,0,1,4,0,0,0,0,0,0,0,0,0,0,0,0,0,0,0,0,0,Boston
2018-08-06,17,28,3,14,11,1,2,4,1,13,18,3,2,1,5,14,7,6,29,24,8,2,6,0,3,0,7,0,2,7,0,1,3,1,1,2,11,1,1,23,1,1,0,0,16,1,0,0,1,0,0,1,0,0,0,0,0,0,0,0,0,0,Boston
2018-08-07,21,15,4,7,8,6,1,0,0,5,12,0,10,0,5,9,3,4,21,38,7,1,7,4,2,1,7,0,3,4,0,1,0,0,0,4,13,0,3,8,1,1,0,0,17,0,0,0,1,0,0,0,0,0,0,0,0,0,0,0,0,0,Boston
2018-08-08,15,24,3,11,5,1,1,2,0,11,20,0,7,0,6,12,3,12,17,33,5,2,10,1,1,1,3,0,1,8,1,1,0,0,0,2,12,0,0,8,5,1,0,1,11,0,0,0,1,0,1,0,0,0,0,0,0,0,0,0,0,0,Boston
2018-08-09,17,30,5,5,9,5,2,5,0,8,23,0,6,2,5,14,7,14,27,37,2,0,13,1,3,0,4,0,4,5,1,0,1,0,2,4,12,0,2,18,1,0,1,0,16,0,0,0,0,0,1,0,0,0,0,0,0,0,0,0,0,0,Boston
2018-08-10,15,34,0,12,7,6,2,5,0,16,18,2,3,0,4,29,6,9,26,34,6,2,8,0,6,0,10,0,3,5,0,2,2,1,0,0,6,0,1,14,1,1,2,0,11,1,1,1,1,0,0,1,0,0,0,0,0,0,0,0,0,0,Boston
2018-08-11,18,27,0,12,0,8,1,2,2,17,13,3,1,0,4,17,4,8,22,24,6,0,9,0,4,0,3,1,3,8,0,3,2,0,1,3,18,0,1,9,1,1,0,1,6,0,0,0,0,1,1,0,0,1,0,0,0,0,0,0,0,0,Boston
2018-08-12,14,16,3,7,0,3,0,4,2,8,19,3,1,0,2,6,3,19,21,35,15,0,4,1,6,0,4,0,0,6,0,2,0,0,0,4,17,0,3,12,3,1,0,1,10,0,0,0,1,0,0,0,0,0,0,0,0,0,0,0,0,0,Boston
2018-08-13,12,27,5,10,12,1,0,4,1,11,15,3,5,0,0,7,1,3,20,29,7,3,8,0,3,2,5,0,1,4,0,2,4,0,0,1,12,0,3,16,1,1,2,0,15,0,0,0,1,0,1,0,0,0,0,0,0,0,0,0,0,0,Boston
2018-08-14,18,32,3,7,9,2,2,1,0,18,22,3,4,0,2,11,3,20,11,23,6,2,12,1,5,0,9,0,1,10,0,6,2,0,2,4,12,0,1,12,3,1,1,1,12,1,0,1,3,3,1,1,0,0,0,0,0,0,0,0,0,0,Boston
2018-08-15,19,26,7,16,11,3,1,1,0,12,17,2,8,1,3,17,9,17,21,28,5,3,7,0,5,0,3,0,1,8,0,2,5,1,3,3,17,0,0,11,1,1,0,1,15,0,1,1,4,0,0,0,0,1,0,0,0,0,0,0,0,0,Boston
2018-08-16,24,28,3,16,6,5,2,6,0,11,10,0,2,0,3,8,8,13,19,39,4,2,11,4,5,0,1,0,0,9,0,1,1,0,1,1,9,1,0,13,5,4,1,0,16,1,2,0,0,0,0,0,0,0,0,0,0,0,0,0,0,0,Boston
2018-08-17,19,29,3,11,3,3,1,2,2,14,17,1,3,0,3,6,7,10,20,47,10,4,11,3,1,0,5,0,2,3,0,1,0,0,0,3,9,0,2,7,0,2,4,0,14,0,0,1,3,0,0,1,0,0,0,0,0,0,0,0,0,0,Boston
2018-08-18,12,23,2,12,6,3,1,3,3,21,13,1,1,2,2,12,4,15,17,41,4,1,13,1,2,0,2,0,1,8,0,3,3,0,0,1,12,0,3,12,3,0,0,0,6,0,0,1,2,0,0,0,0,0,0,0,0,0,0,0,0,0,Boston
2018-08-19,8,20,3,12,3,11,0,3,1,12,9,3,0,0,7,22,3,15,19,24,4,2,12,2,5,0,2,0,2,4,0,0,2,0,0,5,14,2,0,20,1,1,0,0,8,0,0,2,0,0,0,0,0,0,0,0,0,0,0,0,0,0,Boston
2018-08-20,21,25,4,10,8,7,1,1,0,9,17,4,8,1,8,14,5,19,24,33,4,3,9,2,8,0,2,0,3,8,0,0,1,0,0,0,11,1,0,6,2,2,0,0,15,0,2,0,1,0,0,2,0,0,0,0,0,0,0,0,1,0,Boston
2018-08-21,22,29,3,10,11,3,1,3,1,8,24,3,5,1,1,13,6,10,30,31,5,0,15,1,5,1,9,0,2,11,0,5,1,0,0,2,8,3,0,11,0,2,0,0,18,0,1,0,0,0,0,0,0,0,0,0,0,0,0,0,0,0,Boston
2018-08-22,16,28,2,8,2,4,1,1,0,22,12,1,5,1,4,15,6,10,14,43,5,1,10,2,6,1,3,0,4,3,0,3,3,0,3,3,12,0,0,17,1,2,1,0,7,0,0,1,0,1,0,0,0,0,0,0,0,0,0,0,0,0,Boston
2018-08-23,24,24,4,8,8,8,1,2,0,16,17,2,7,0,4,12,2,12,22,42,4,0,8,2,3,0,1,1,1,14,0,0,4,0,0,5,14,2,0,14,1,2,0,0,13,0,1,0,3,0,1,0,0,0,0,0,0,0,0,0,0,0,Boston
2018-08-24,18,31,6,15,6,3,0,2,3,12,20,2,4,0,2,11,4,7,20,30,7,0,17,1,3,0,8,0,1,10,1,3,0,0,1,4,4,0,2,13,4,2,1,0,13,0,1,3,3,0,0,2,0,0,0,0,1,0,0,0,0,0,Boston
2018-08-25,20,23,1,12,4,3,1,0,1,13,15,4,0,1,4,14,5,9,20,32,14,1,8,0,4,0,5,0,4,6,0,1,2,1,0,6,26,1,1,8,3,2,0,0,1,1,0,1,1,0,0,0,0,0,0,0,0,0,0,0,0,0,Boston
2018-08-26,18,17,5,14,3,2,1,1,1,12,10,0,6,0,3,16,4,11,16,38,4,0,9,1,2,0,1,0,0,2,0,2,0,0,0,2,14,0,1,13,2,1,0,1,8,0,0,1,0,0,0,2,0,0,0,0,0,0,0,0,0,0,Boston
2018-08-27,23,18,3,12,14,1,1,0,2,11,17,2,3,1,3,10,3,11,24,31,5,0,3,2,4,0,6,0,1,8,2,2,2,0,2,3,18,0,0,13,1,1,0,0,18,0,0,0,0,0,0,0,0,0,0,0,0,0,0,0,0,0,Boston
2018-08-28,14,25,3,9,7,3,0,1,1,10,14,2,2,0,4,24,3,8,25,36,6,0,7,0,6,1,3,0,4,5,0,1,1,0,1,2,13,1,0,15,2,1,0,1,8,0,1,2,0,0,1,0,0,0,1,0,0,0,0,0,0,0,Boston
2018-08-29,17,28,2,15,7,3,1,2,0,18,11,0,10,0,2,13,4,10,23,31,5,1,9,1,3,1,3,0,2,13,0,0,2,0,0,0,11,0,0,14,4,5,1,1,21,0,2,1,2,0,0,1,0,1,0,0,0,1,0,0,0,0,Boston
2018-08-30,16,25,2,10,2,3,0,0,0,9,16,2,6,0,4,14,4,15,23,34,6,0,10,0,4,0,6,0,0,5,0,2,0,0,0,5,18,0,3,15,0,3,1,0,19,0,1,0,0,0,0,0,0,1,0,0,0,0,0,1,0,0,Boston
2018-08-31,17,25,2,16,8,4,1,3,2,23,21,0,2,1,6,12,5,8,30,42,11,2,11,0,4,1,6,0,2,4,0,1,0,0,0,3,15,0,4,12,0,1,1,0,6,0,2,1,4,0,0,0,0,1,1,0,0,1,0,0,0,0,Boston
2018-09-01,17,24,7,19,7,11,0,3,1,16,22,1,1,1,2,21,3,7,27,30,10,3,11,2,3,1,2,0,2,5,2,1,0,1,0,3,26,0,0,18,1,2,0,1,17,0,4,0,0,0,0,0,0,0,0,0,0,0,0,0,0,0,Boston
2018-09-02,11,26,5,11,0,3,2,1,0,17,11,5,1,1,2,21,2,9,28,44,11,0,13,1,6,0,2,0,5,2,0,2,0,0,0,4,7,1,0,14,3,1,0,0,6,0,0,0,1,0,0,1,0,0,1,0,0,0,0,0,0,0,Boston
2018-09-03,13,23,2,12,2,5,2,0,0,17,22,1,1,2,6,19,2,5,22,33,14,0,11,0,1,1,4,0,4,6,0,1,1,0,1,6,10,0,0,17,3,2,0,0,8,0,1,1,0,0,0,0,1,1,0,0,0,0,0,0,0,0,Boston
2018-09-04,16,25,3,19,10,7,2,2,1,17,15,4,4,1,4,12,5,10,21,32,9,2,18,1,8,1,3,1,0,10,2,2,1,0,1,6,14,0,1,11,2,1,0,0,15,0,0,1,2,0,0,0,0,0,0,0,0,0,0,0,0,0,Boston
2018-09-05,14,33,4,13,3,2,2,9,0,7,21,0,4,1,1,12,4,7,28,25,7,4,7,0,2,1,5,0,1,7,0,0,1,0,0,1,10,0,0,14,0,0,1,0,22,1,2,1,4,0,0,0,0,1,0,0,0,0,0,0,0,0,Boston
2018-09-06,20,23,4,3,7,2,3,2,0,9,17,0,7,0,6,9,4,5,27,49,12,1,9,1,1,0,4,0,3,11,1,1,0,0,1,6,10,0,0,14,5,0,0,0,12,2,1,0,2,1,0,2,0,0,0,0,0,0,0,1,0,0,Boston
2018-09-07,13,23,3,14,9,3,5,2,2,9,11,4,7,0,1,8,5,10,26,30,4,1,5,1,6,0,9,0,0,7,0,3,1,1,0,4,7,0,3,9,0,1,2,2,29,1,0,0,4,0,0,0,0,3,1,0,0,0,0,1,0,0,Boston
2018-09-08,19,26,5,14,6,7,0,4,0,8,10,2,0,0,3,14,2,8,27,40,5,1,10,1,3,0,2,0,3,7,0,0,0,0,2,5,14,0,3,17,2,1,0,0,7,0,0,1,0,0,0,2,1,4,0,0,0,0,0,0,0,0,Boston
2018-09-09,14,21,0,12,2,6,0,0,1,10,10,2,1,0,4,13,3,7,23,24,4,1,12,1,4,0,0,0,2,2,0,4,1,1,1,3,8,0,1,11,7,1,0,1,2,0,0,0,1,0,1,2,0,1,0,0,0,0,0,0,0,0,Boston
2018-09-10,15,22,4,14,9,4,3,0,1,8,13,2,1,0,8,24,4,11,14,34,6,1,8,2,6,0,1,0,2,6,0,2,0,0,0,6,21,1,1,5,0,1,0,0,1,0,1,2,1,0,1,0,0,1,0,0,0,0,0,0,0,0,Boston
2018-09-11,12,21,3,8,7,5,1,10,1,5,15,2,5,0,8,16,5,8,18,35,3,1,11,1,3,1,3,0,3,7,0,3,3,0,0,2,7,1,0,18,1,1,0,0,18,0,0,0,0,0,1,3,0,0,0,0,0,3,0,0,0,0,Boston
2018-09-12,16,24,7,11,8,5,2,2,1,12,17,5,2,0,2,12,4,4,24,32,7,0,9,1,4,1,4,0,3,5,0,0,0,0,3,4,9,0,0,14,1,1,0,0,14,0,0,2,0,0,0,0,0,0,0,0,0,0,0,0,0,0,Boston
2018-09-13,8,25,6,10,6,3,1,5,0,12,22,2,2,1,4,9,4,6,31,27,5,2,10,0,4,0,3,0,2,3,0,2,0,0,0,4,11,2,1,16,0,1,1,0,14,0,1,1,3,0,0,0,0,0,0,0,0,0,0,0,0,0,Boston
2018-09-14,15,23,3,8,8,2,0,0,1,17,25,1,3,5,1,14,7,10,18,43,8,0,5,0,5,0,3,1,1,6,0,4,0,0,1,2,6,1,2,18,1,0,0,0,14,0,0,0,2,0,0,2,0,0,0,0,0,0,0,0,0,0,Boston
2018-09-15,15,19,4,9,5,2,0,2,0,12,11,1,0,0,3,11,4,6,23,21,13,0,10,1,3,0,2,0,0,3,1,2,1,1,0,3,10,0,0,19,2,0,0,0,13,0,0,2,0,2,0,1,0,0,0,0,0,0,0,0,0,0,Boston
2018-09-16,13,32,4,3,4,6,0,2,1,19,9,0,1,1,8,12,4,13,23,25,8,2,14,0,8,0,4,0,1,3,1,2,0,1,1,8,9,0,1,16,1,1,0,1,7,0,2,3,1,0,1,1,0,2,0,0,0,0,0,0,0,0,Boston
2018-09-17,20,20,8,7,7,7,0,1,2,14,8,0,6,0,3,21,3,13,29,32,10,0,3,5,2,0,11,0,4,13,0,2,1,0,1,4,19,2,0,7,0,2,1,0,26,0,0,0,2,0,0,0,0,0,0,0,0,0,0,0,0,0,Boston
2018-09-18,18,23,2,2,4,4,2,0,1,13,17,1,2,0,2,14,2,12,20,35,3,1,6,0,2,0,4,0,4,5,0,0,1,0,1,1,5,1,0,8,1,1,0,0,12,0,0,0,1,0,2,1,0,1,0,0,0,0,0,0,0,0,Boston
2018-09-19,26,31,2,9,9,3,5,4,0,9,21,4,3,0,5,13,4,9,28,40,8,1,12,5,5,1,1,0,2,9,0,1,0,0,0,2,13,0,0,12,1,2,0,0,27,0,0,0,3,0,0,0,0,1,0,0,0,2,0,0,0,0,Boston
2018-09-20,24,28,2,8,4,10,2,2,0,11,20,2,4,1,4,12,2,6,28,25,5,1,7,2,4,1,5,0,1,8,1,1,1,0,0,3,9,0,1,14,1,1,0,0,29,1,0,1,2,0,1,1,0,0,0,0,0,0,0,0,0,0,Boston
2018-09-21,16,24,5,14,5,8,1,3,1,15,25,3,1,1,8,21,3,4,15,32,6,1,8,3,6,1,6,0,5,9,0,0,1,0,0,2,9,1,1,21,2,2,3,0,18,1,1,2,4,0,0,1,0,1,0,0,0,0,0,0,0,0,Boston
2018-09-22,17,27,5,10,6,7,2,5,2,7,17,2,0,0,5,20,2,11,24,31,7,3,7,0,6,0,7,0,2,7,0,0,1,0,1,6,10,1,3,15,0,2,0,0,15,0,1,0,6,1,0,0,0,1,0,0,0,0,0,0,0,0,Boston
2018-09-23,22,19,3,8,3,4,1,1,1,19,11,2,1,1,3,11,3,10,17,32,5,2,17,0,2,0,7,0,2,4,0,1,1,0,1,4,13,0,3,14,1,1,1,0,2,0,0,2,2,0,0,0,0,4,0,0,0,0,0,0,0,0,Boston
2018-09-24,20,27,7,5,9,2,1,5,1,14,21,3,4,1,2,11,4,8,21,33,5,0,11,0,7,0,8,0,2,8,0,2,1,0,0,1,10,0,1,13,1,4,1,1,18,2,0,0,1,0,0,1,0,0,0,0,0,0,0,0,0,0,Boston
2018-09-25,12,18,6,6,2,2,1,2,0,12,20,0,3,0,5,19,3,10,22,37,1,1,4,0,2,1,4,1,1,5,2,2,0,0,2,2,12,0,0,10,3,0,0,0,20,0,0,0,0,0,0,0,0,0,0,0,0,0,0,0,0,0,Boston
2018-09-26,32,26,4,11,6,4,2,3,0,14,19,3,4,1,5,13,3,7,17,30,7,1,16,1,6,0,5,1,1,6,0,3,3,0,1,4,13,0,0,14,2,1,0,0,20,0,0,1,2,0,0,0,0,0,0,0,0,0,0,0,0,0,Boston
2018-09-27,21,29,7,9,2,3,2,3,0,15,17,2,6,0,3,15,6,7,31,32,6,0,11,0,5,0,2,0,3,12,1,0,1,0,0,6,13,1,0,9,3,0,0,0,20,1,0,1,0,1,1,0,0,0,0,0,0,0,0,0,0,0,Boston
2018-09-28,15,18,2,6,10,8,2,2,0,10,19,4,4,0,4,11,3,11,24,42,8,1,18,0,11,0,2,0,3,7,0,4,0,0,2,8,12,0,1,11,0,3,3,0,18,0,1,1,4,0,0,0,0,1,0,0,0,0,0,0,0,0,Boston
2018-09-29,19,19,2,11,2,8,2,2,1,12,5,2,1,0,1,17,3,8,24,26,6,0,22,2,6,1,6,1,2,5,0,1,0,0,0,5,12,0,0,8,2,4,1,1,19,1,1,3,1,0,0,0,0,0,0,0,1,0,0,0,0,0,Boston
2018-09-30,14,19,4,11,4,7,1,3,0,8,13,0,1,1,2,11,7,6,19,32,4,1,11,0,1,1,8,2,0,7,1,0,2,0,1,3,13,0,3,12,1,1,0,1,11,0,0,0,3,0,0,0,0,2,0,0,0,0,0,0,0,0,Boston
2018-10-01,17,23,5,23,16,3,3,1,0,14,22,2,4,2,7,19,2,3,20,44,11,3,7,0,2,0,5,0,1,8,1,2,2,0,0,4,16,0,0,15,3,5,0,1,15,0,0,2,0,0,0,0,1,0,0,0,0,0,0,0,0,0,Boston
2018-10-02,16,30,5,5,3,8,2,0,0,21,8,3,0,0,2,11,6,11,23,41,5,1,5,4,5,0,4,1,0,6,1,0,2,0,1,5,11,0,0,18,2,0,0,0,11,1,1,1,0,0,0,0,0,0,0,0,0,0,0,0,0,0,Boston
2018-10-03,14,31,5,12,4,4,1,4,0,23,26,3,5,0,4,10,6,10,14,23,11,1,7,1,6,0,4,0,1,10,0,3,2,0,0,1,6,0,0,7,4,3,0,1,15,0,0,1,3,0,0,0,0,0,0,2,0,0,0,1,0,0,Boston
2018-10-04,18,22,4,8,5,3,0,1,2,3,17,3,7,2,2,14,3,8,18,43,4,1,9,1,5,1,9,1,1,7,0,0,0,0,2,3,6,0,3,6,0,2,1,0,14,0,0,1,5,0,0,0,0,0,0,0,0,0,0,0,0,0,Boston
2018-10-05,9,29,5,10,6,6,4,3,1,11,24,3,4,0,1,16,4,10,35,47,7,3,7,1,9,0,7,0,4,9,0,1,2,0,2,3,12,0,0,13,1,1,0,1,15,0,0,2,8,3,1,0,0,2,0,0,0,1,0,0,0,0,Boston
2018-10-06,11,20,5,6,6,3,0,4,1,24,14,2,2,1,2,14,3,11,20,30,11,0,9,0,3,0,7,0,3,4,0,1,1,0,1,5,7,0,3,8,0,2,0,1,8,1,0,1,0,1,0,0,0,1,0,0,0,0,0,0,0,0,Boston
2018-10-07,7,25,3,11,3,2,0,0,1,12,11,3,2,0,3,20,2,12,14,47,8,1,11,0,4,1,2,1,3,3,1,1,0,0,0,4,5,1,1,12,0,1,0,0,9,0,0,3,0,2,0,0,0,0,0,0,0,0,0,0,0,0,Boston
2018-10-08,12,25,5,13,6,2,0,2,0,11,10,1,1,0,3,8,4,9,15,21,8,0,7,0,1,0,3,0,0,7,0,1,0,0,0,2,9,0,0,17,0,3,1,0,19,0,0,1,0,0,1,0,0,0,0,0,0,0,0,0,0,0,Boston
2018-10-09,16,38,7,10,8,6,1,1,3,11,11,2,4,0,4,10,3,8,24,29,5,2,7,3,7,0,5,0,4,14,2,3,1,0,0,4,4,0,0,8,1,3,1,1,21,0,1,1,2,0,0,0,0,0,0,0,0,0,0,0,0,0,Boston
2018-10-10,19,23,13,9,8,4,2,1,0,6,21,6,4,2,2,18,4,10,33,41,6,2,7,1,7,0,4,0,6,8,1,1,5,0,0,2,10,0,1,4,1,2,0,0,21,1,0,0,2,0,1,0,0,0,0,0,0,0,0,0,0,0,Boston
2018-10-11,11,32,6,9,2,7,4,3,0,7,10,4,4,0,2,13,3,11,22,27,6,0,9,0,5,0,5,0,1,7,0,0,0,0,1,4,6,1,3,15,0,3,0,0,21,0,0,1,1,1,0,0,0,0,0,0,0,0,0,0,0,0,Boston
2018-10-12,19,24,2,12,8,4,2,4,0,11,20,3,2,2,1,10,4,2,24,43,12,1,8,2,5,0,1,0,3,4,0,2,1,0,1,2,10,1,4,12,2,2,0,0,7,0,0,1,3,1,0,0,0,0,0,0,0,2,0,0,0,0,Boston
2018-10-13,11,17,4,8,2,2,1,0,1,9,12,4,2,0,3,22,2,15,18,31,5,0,14,0,6,1,2,0,3,2,0,2,1,0,0,1,12,2,3,12,2,2,0,1,10,0,0,2,1,0,0,0,0,3,0,0,0,0,0,0,0,0,Boston
2018-10-14,10,22,7,16,6,4,0,1,0,14,10,3,1,0,1,13,3,9,19,41,8,2,7,2,8,0,2,0,0,8,0,1,1,0,1,2,13,0,0,11,1,1,0,0,5,0,1,1,0,0,0,0,0,1,0,0,0,0,0,0,0,0,Boston
2018-10-15,12,24,3,14,4,1,1,0,1,7,14,3,2,1,2,9,3,4,26,23,8,3,17,0,5,0,4,0,1,1,0,1,0,0,2,3,14,0,0,7,1,1,0,0,13,0,1,0,0,2,0,0,0,0,0,0,0,0,0,0,0,0,Boston
2018-10-16,15,22,2,9,4,5,1,3,2,11,17,6,5,0,9,11,7,5,16,35,5,2,11,0,5,0,5,0,2,6,0,3,0,0,1,0,12,0,1,14,0,1,0,0,21,0,0,2,1,0,0,0,0,1,1,1,0,2,0,0,0,0,Boston
2018-10-17,16,26,4,3,6,6,1,1,0,9,17,2,7,1,0,11,7,5,17,34,5,2,6,0,3,0,4,0,1,6,1,0,0,0,3,5,8,1,0,10,3,0,0,0,21,0,1,0,0,0,0,0,0,1,0,0,0,0,0,0,0,0,Boston
2018-10-18,17,24,6,9,3,5,0,1,0,6,12,4,7,1,5,17,5,3,21,37,5,0,14,0,8,2,6,0,1,5,0,0,4,0,0,4,8,0,0,12,0,0,0,0,20,1,1,1,3,0,0,0,0,0,0,0,1,0,0,0,0,0,Boston
2018-10-19,18,15,6,12,8,2,1,4,0,9,20,1,1,0,6,9,4,7,17,33,5,1,5,3,2,0,4,0,3,7,0,0,1,0,0,3,9,0,4,9,1,3,0,1,7,0,2,2,4,0,0,0,0,1,0,0,0,0,0,0,0,0,Boston
2018-10-20,17,33,1,17,4,2,0,2,1,20,20,5,4,0,3,18,7,3,15,28,13,2,12,0,9,1,4,0,0,2,0,3,0,0,0,1,11,0,0,13,3,3,0,1,10,0,0,1,0,0,0,0,0,0,0,1,0,0,0,0,0,0,Boston
2018-10-21,8,7,1,7,3,2,2,3,1,5,13,3,1,0,2,14,2,10,16,26,7,1,6,1,4,0,3,0,0,2,0,0,0,0,2,2,6,1,1,16,1,0,0,0,10,0,0,0,0,0,0,0,0,0,0,0,0,0,0,0,0,0,Boston
2018-10-22,18,26,7,10,7,5,1,4,1,12,18,0,5,2,3,22,3,11,26,28,10,1,9,0,0,0,5,0,0,4,0,1,1,1,0,3,11,0,2,13,1,1,0,2,17,0,1,3,0,0,1,0,0,0,0,0,0,3,0,0,0,0,Boston
2018-10-23,15,22,6,10,6,7,2,2,2,15,9,4,7,1,4,11,1,8,24,32,5,2,11,1,9,0,2,0,3,1,0,1,2,0,0,3,11,0,1,14,2,2,2,0,8,0,1,1,0,0,0,0,0,0,0,0,0,0,0,0,0,0,Boston
2018-10-24,20,26,7,8,1,3,0,1,0,11,7,3,5,1,4,13,1,6,30,33,5,1,4,1,3,0,4,0,4,3,0,3,0,0,1,1,16,0,1,9,3,0,0,0,13,0,1,0,3,0,0,1,0,0,1,0,0,0,0,0,0,0,Boston
2018-10-25,15,16,4,9,15,10,2,1,0,13,13,6,6,1,4,20,2,9,18,23,6,0,13,2,8,0,6,0,1,7,1,4,3,0,1,3,15,0,0,7,1,0,0,0,18,0,1,0,2,0,0,0,0,1,0,0,0,2,0,0,0,0,Boston
2018-10-26,18,28,5,9,5,2,0,0,0,10,12,0,5,0,1,12,1,11,21,39,7,0,13,1,0,0,4,0,1,5,1,2,3,0,1,1,9,1,0,11,1,0,0,1,11,0,1,0,1,0,0,0,0,0,0,2,1,0,0,0,0,0,Boston
2018-10-27,7,24,3,13,4,3,0,5,2,14,8,1,1,0,3,10,1,9,16,42,6,3,24,0,5,0,2,0,2,2,1,2,0,0,7,5,12,0,1,13,2,0,1,0,5,0,0,0,0,0,0,2,0,4,0,1,0,0,0,0,0,0,Boston
2018-10-28,9,25,3,10,1,3,0,1,2,14,7,4,2,0,3,15,5,7,25,33,6,0,9,2,6,0,6,0,2,3,1,0,0,0,0,7,14,2,3,15,1,0,0,1,7,0,1,1,0,0,0,1,0,2,0,0,0,0,0,0,0,0,Boston
2018-10-29,11,20,5,8,4,1,1,3,1,13,16,2,1,0,0,16,2,13,18,33,4,2,11,1,7,2,2,0,2,4,0,1,0,0,0,4,14,0,0,9,2,2,0,0,13,0,0,2,0,0,0,0,0,1,0,0,0,0,0,0,0,0,Boston
2018-10-30,11,21,2,5,10,4,1,2,1,18,15,2,3,0,1,15,3,5,26,34,11,0,10,0,3,0,5,0,1,6,1,2,2,0,1,4,13,0,0,13,1,2,1,1,3,0,2,1,0,0,1,0,0,0,0,0,0,0,0,0,0,0,Boston
2018-10-31,22,26,4,11,5,3,3,2,1,21,17,3,2,1,3,17,11,5,32,44,17,1,10,0,11,1,3,0,4,3,0,1,3,1,1,4,2,0,4,16,2,2,0,0,2,0,0,1,4,0,0,0,0,0,0,0,0,0,0,0,0,0,Boston
2018-11-01,12,15,9,13,13,0,1,5,1,14,18,8,6,0,6,16,5,4,22,45,10,3,10,1,7,0,6,0,3,7,0,1,0,0,1,3,10,1,1,11,1,1,0,0,18,1,3,1,1,0,3,1,0,1,0,1,0,0,0,0,0,0,Boston
2018-11-02,16,31,4,8,6,4,0,5,0,20,25,1,3,2,1,12,6,14,26,43,9,3,10,2,2,1,5,0,1,1,1,3,0,0,1,1,13,0,0,9,0,0,2,0,14,0,0,1,1,0,1,0,0,1,0,1,0,0,0,0,0,0,Boston
2018-11-03,14,21,6,13,3,4,0,4,0,18,19,7,0,0,2,19,5,21,21,29,8,0,17,1,9,0,5,0,3,5,1,1,0,3,6,4,5,0,4,13,0,3,0,2,9,0,2,2,0,0,0,0,0,2,0,0,0,0,0,0,0,0,Boston
2018-11-04,13,22,2,7,4,3,1,1,0,14,8,2,3,0,1,13,5,12,23,31,5,0,10,1,3,1,2,0,3,4,0,1,1,0,1,2,9,0,1,14,0,1,0,0,2,0,0,0,0,0,0,1,0,0,1,0,0,0,0,0,0,0,Boston
2018-11-05,16,19,3,13,12,6,2,3,0,11,6,3,3,0,4,11,0,10,30,31,6,0,9,1,6,1,3,0,3,10,0,0,1,1,2,1,10,0,0,17,1,1,0,0,15,0,0,0,0,0,1,0,0,0,0,0,0,0,0,0,0,0,Boston
2018-11-06,20,22,6,14,8,1,4,1,2,12,8,0,3,0,3,15,5,8,21,40,2,0,11,0,2,1,4,0,0,5,0,0,2,0,2,1,8,0,0,8,0,0,1,1,6,0,0,0,0,0,0,0,0,0,0,0,0,0,0,0,0,0,Boston
2018-11-07,17,28,5,6,2,4,2,5,2,10,12,2,4,0,3,15,2,4,15,34,8,0,7,0,3,0,2,0,1,5,0,4,2,1,0,5,8,0,0,14,1,1,1,2,18,0,0,0,1,0,0,0,0,0,0,0,0,0,0,0,0,0,Boston
2018-11-08,21,28,3,7,6,3,2,6,0,10,12,2,2,0,2,13,0,5,18,23,4,2,6,0,3,0,3,0,5,5,0,0,1,0,0,2,10,0,0,12,3,1,0,0,12,0,0,2,0,0,0,0,0,0,0,0,0,0,0,0,0,0,Boston
2018-11-09,12,26,3,9,4,1,2,2,2,7,19,0,5,0,0,9,1,2,20,47,3,0,7,1,1,0,4,0,1,9,2,0,3,0,2,5,13,0,0,8,2,1,1,0,13,0,0,0,2,0,0,0,0,0,0,0,0,0,0,0,0,0,Boston
2018-11-10,12,23,2,9,1,2,2,3,0,12,22,3,1,0,0,17,3,12,24,31,7,0,10,0,5,0,6,0,1,3,2,0,1,0,2,1,16,1,3,7,1,1,0,1,8,0,0,0,0,0,1,0,0,0,0,0,0,0,0,0,0,0,Boston
2018-11-11,10,16,2,9,2,3,2,3,0,12,9,3,1,0,2,13,3,6,17,37,8,2,10,0,4,0,5,0,3,2,1,0,2,0,0,4,10,0,3,12,0,1,0,2,7,0,1,1,0,0,0,0,0,2,0,1,1,0,0,0,0,0,Boston
2018-11-12,15,14,3,6,0,4,2,3,2,9,11,2,0,0,4,12,3,6,22,20,3,1,5,1,5,0,4,0,1,6,0,2,1,0,0,2,9,0,0,10,0,0,0,0,11,0,0,0,1,0,1,0,0,0,0,0,0,0,0,0,0,0,Boston
2018-11-13,14,23,6,7,4,2,2,5,2,7,22,1,1,0,3,16,5,13,20,35,7,0,10,1,1,2,7,0,1,9,1,2,2,0,0,3,5,0,0,7,3,2,0,0,24,1,0,0,1,0,0,0,1,0,0,0,0,0,0,0,0,0,Boston
2018-11-14,18,19,4,10,8,4,0,6,0,8,14,3,4,0,5,13,5,16,20,28,7,1,15,0,8,1,4,0,0,7,0,1,1,0,1,1,14,0,1,8,0,0,1,0,18,0,1,2,0,0,0,1,0,1,0,0,0,0,0,0,0,0,Boston
2018-11-15,24,17,6,7,9,3,1,2,0,5,12,3,2,0,0,7,5,6,24,40,7,1,16,2,4,0,2,0,1,4,0,0,0,0,2,1,6,0,2,6,1,2,3,0,13,0,1,0,1,0,0,0,0,0,0,0,0,3,0,0,0,0,Boston
2018-11-16,16,23,4,11,2,1,1,3,0,8,10,6,2,0,3,13,1,12,12,47,5,0,16,1,9,0,3,0,3,3,1,2,0,0,1,1,13,0,0,8,0,1,3,0,10,1,0,0,1,0,0,0,0,0,0,1,0,0,0,0,0,0,Boston
2018-11-17,20,25,3,8,3,7,1,2,0,13,18,3,2,0,5,23,4,12,26,34,6,1,13,1,5,0,4,0,2,4,0,1,0,1,0,4,14,2,2,8,0,1,2,0,9,0,1,1,1,0,0,0,0,2,1,0,0,0,0,0,0,0,Boston
2018-11-18,12,18,2,14,2,3,0,0,0,17,13,2,3,1,3,16,6,11,19,31,10,0,9,1,2,0,7,0,1,3,0,0,0,0,1,2,7,0,3,7,1,2,3,2,9,0,0,0,0,1,0,0,0,0,0,0,0,0,0,0,0,0,Boston
2018-11-19,13,18,0,10,5,4,0,2,0,5,11,2,4,0,4,9,2,8,22,33,8,1,9,0,3,1,5,0,0,5,0,2,0,1,0,0,7,0,0,11,0,6,5,0,12,0,2,1,0,1,0,0,0,0,0,0,1,0,0,0,0,0,Boston
2018-11-20,17,24,5,7,7,7,2,1,0,11,6,4,6,0,6,11,3,10,25,39,9,0,6,4,9,0,6,0,0,5,0,2,2,0,0,1,7,0,0,13,0,2,0,2,19,0,0,0,1,0,0,0,0,0,0,0,0,0,0,0,0,0,Boston
2018-11-21,16,17,2,7,5,2,1,0,0,8,14,5,4,0,6,12,2,8,24,36,6,0,9,0,14,0,5,0,1,6,1,0,2,0,0,4,5,0,3,8,2,1,2,0,8,0,0,0,0,1,0,0,0,0,0,0,0,0,0,0,0,0,Boston
2018-11-22,10,5,1,3,0,2,0,0,2,17,7,4,1,0,4,6,0,9,10,13,3,1,4,1,4,0,0,0,2,1,0,0,2,0,0,2,6,0,0,9,0,0,0,0,3,0,0,0,1,1,0,0,0,0,0,0,0,0,0,0,0,0,Boston
2018-11-23,11,16,4,7,5,5,1,3,0,5,6,3,4,0,2,10,2,5,19,20,3,0,9,1,5,0,3,0,0,4,1,1,0,0,0,2,7,0,0,11,4,0,4,0,8,0,0,0,0,0,0,1,0,0,1,0,0,0,0,0,0,0,Boston
2018-11-24,14,24,2,7,1,3,1,3,1,13,5,2,1,0,4,9,2,11,17,24,4,0,12,0,3,0,7,0,1,4,0,1,1,0,2,2,10,0,3,15,2,0,0,0,5,0,0,1,1,1,0,0,0,0,0,0,0,0,0,0,0,0,Boston
2018-11-25,7,20,3,8,3,0,0,4,4,21,11,0,5,0,2,14,2,14,15,38,6,3,6,0,1,1,5,0,0,3,0,2,0,0,0,3,4,0,3,14,1,1,0,0,8,0,0,0,0,0,0,0,0,0,0,0,0,0,0,0,0,0,Boston
2018-11-26,14,26,2,11,5,3,0,2,1,18,12,1,4,0,5,15,3,15,18,37,1,1,8,0,5,0,7,0,0,5,0,6,0,0,2,4,10,0,0,9,3,1,0,0,17,0,2,0,0,0,0,0,0,0,0,0,0,0,0,0,0,0,Boston
2018-11-27,14,38,2,12,9,2,0,3,1,11,15,1,2,0,5,14,3,9,21,27,5,1,11,0,2,0,2,0,1,4,1,1,0,0,1,4,5,0,0,16,4,1,2,0,15,0,0,2,0,0,0,0,0,1,0,0,0,0,0,0,0,0,Boston
2018-11-28,16,12,3,9,7,7,2,2,1,12,11,1,3,0,4,10,1,8,18,24,7,0,7,2,3,0,1,0,3,9,0,2,3,0,0,3,9,0,0,11,2,3,5,0,35,1,0,2,0,0,0,0,0,0,0,0,0,2,0,0,0,0,Boston
2018-11-29,16,26,4,9,3,5,2,3,1,22,18,2,3,1,3,21,6,15,15,37,10,3,12,5,7,0,6,0,0,6,0,0,3,0,1,4,5,0,4,13,1,4,2,1,25,0,0,2,0,0,1,0,0,0,0,0,0,0,0,0,0,0,Boston
2018-11-30,11,32,10,12,12,5,3,4,1,12,11,8,5,0,2,10,3,5,28,25,7,2,14,2,8,1,5,0,1,4,1,2,1,1,2,7,15,0,1,12,0,3,0,0,12,0,0,2,4,1,0,0,0,0,0,0,0,0,0,0,0,0,Boston
2018-12-01,18,42,8,16,5,1,0,4,0,9,8,3,2,0,5,17,3,10,21,29,9,2,13,1,4,1,4,0,0,5,0,2,1,0,2,5,12,0,0,12,1,2,1,0,12,0,1,0,1,0,2,0,0,2,0,0,0,0,0,0,0,0,Boston
2018-12-02,15,20,1,6,3,1,1,1,1,7,11,3,2,1,1,18,3,7,19,26,5,2,6,0,6,1,5,0,5,3,0,1,0,0,0,2,12,0,2,9,0,0,1,0,8,0,0,1,0,0,1,0,0,1,0,0,0,0,0,0,0,0,Boston
2018-12-03,24,31,5,11,5,1,1,8,0,11,11,3,1,1,2,11,5,3,21,36,8,0,8,0,3,0,4,0,2,5,0,3,4,0,2,4,11,0,3,13,0,2,0,1,17,1,1,1,3,0,0,0,0,0,1,0,0,0,0,0,0,0,Boston
2018-12-04,13,26,3,10,6,1,2,2,1,13,20,1,8,0,7,13,5,4,31,25,4,0,10,2,3,0,2,0,2,4,0,2,0,0,0,4,13,0,0,14,2,1,3,0,14,0,0,3,0,0,0,0,0,0,0,0,0,0,0,0,0,0,Boston
2018-12-05,13,20,3,6,6,4,5,1,1,14,21,2,3,0,5,17,7,9,24,30,3,1,11,0,6,0,7,0,4,7,0,2,2,0,1,3,7,0,1,12,3,2,0,0,26,1,0,0,0,0,1,0,0,0,0,0,0,1,0,0,0,0,Boston
2018-12-06,21,30,2,11,3,3,1,3,1,15,13,2,2,0,4,9,1,5,26,32,6,3,4,1,1,0,8,0,0,7,1,0,0,0,0,1,11,0,0,14,0,1,3,1,10,0,1,0,0,0,1,0,1,0,0,0,0,0,0,0,0,0,Boston
2018-12-07,22,28,2,15,11,2,1,4,0,9,11,4,5,0,4,15,0,3,26,35,2,0,10,1,9,0,3,0,2,6,0,2,0,0,0,3,5,0,2,10,0,2,2,1,18,0,1,2,1,0,0,0,0,0,0,0,0,0,0,0,0,0,Boston
2018-12-08,16,31,0,10,4,6,2,0,1,9,13,6,0,0,0,14,3,2,15,43,9,1,4,2,7,0,3,1,0,2,0,2,1,0,2,6,8,0,0,10,1,0,0,1,8,0,0,1,0,0,0,0,0,3,0,0,0,0,0,0,0,0,Boston
2018-12-09,14,20,3,7,5,3,2,0,1,10,14,2,0,0,4,18,3,7,29,27,8,0,14,1,6,0,6,0,1,3,0,1,0,0,1,1,15,0,1,12,1,0,0,0,7,1,0,0,0,0,0,0,0,0,0,0,0,1,0,0,0,0,Boston
2018-12-10,12,26,5,9,5,3,4,3,3,9,17,1,2,0,3,12,1,8,33,41,1,0,9,0,7,0,3,0,0,5,0,0,0,0,0,4,6,1,6,12,1,1,2,1,12,0,2,1,1,1,0,1,0,0,0,0,0,0,0,0,0,0,Boston
2018-12-11,19,17,5,7,5,4,1,1,0,9,15,1,2,1,6,14,3,3,21,27,4,0,8,3,7,0,5,0,1,3,1,1,0,0,0,1,10,1,2,1,5,4,1,2,15,0,0,1,1,0,1,0,0,0,0,0,0,0,1,0,0,0,Boston
2018-12-12,11,25,2,9,2,2,0,3,1,5,14,3,1,1,5,19,2,7,24,31,10,2,9,0,3,2,2,0,2,4,1,0,1,0,0,7,6,0,1,14,2,3,1,0,11,0,1,2,1,0,0,0,0,0,0,0,0,1,0,0,0,0,Boston
2018-12-13,13,34,5,9,5,1,2,7,1,14,9,2,2,1,1,16,2,3,21,24,3,0,10,0,3,2,2,0,0,9,0,4,1,0,1,2,9,0,1,12,3,0,6,0,9,0,0,0,1,0,0,0,0,0,16,1,1,0,0,0,0,0,Boston
2018-12-14,14,29,4,13,8,0,3,4,1,8,16,4,2,1,4,17,0,8,21,26,8,2,14,0,9,0,6,0,1,6,0,2,2,0,0,5,9,0,0,12,2,0,2,1,20,0,0,1,3,0,0,0,0,0,1,0,0,0,0,0,0,0,Boston
2018-12-15,13,25,4,14,7,5,0,2,0,9,14,1,4,0,3,11,3,9,15,31,7,0,6,0,4,0,1,1,2,6,0,1,1,1,0,2,10,1,0,14,2,1,1,0,7,0,1,0,1,0,0,0,0,0,0,0,0,0,0,0,0,0,Boston
2018-12-16,14,23,8,10,3,5,1,2,2,9,13,5,0,0,3,15,6,7,19,56,6,0,12,1,8,1,6,0,0,5,0,2,0,0,0,5,9,0,1,12,1,0,0,0,12,0,0,1,0,0,0,0,0,1,0,0,0,0,0,0,0,0,Boston
2018-12-17,13,21,1,8,4,4,0,2,3,10,11,2,3,0,4,12,2,16,24,33,9,0,10,0,3,0,4,0,0,4,0,1,1,0,0,8,8,0,0,6,1,1,1,2,8,1,3,0,0,0,0,1,0,0,0,0,0,0,0,0,0,0,Boston
2018-12-18,16,21,2,10,9,3,0,3,1,17,13,1,7,0,7,13,5,22,27,34,3,1,8,0,1,0,2,0,0,6,1,1,0,0,1,4,4,0,5,11,1,0,0,1,14,0,0,1,1,0,0,0,0,0,0,0,0,0,0,0,0,0,Boston
2018-12-19,20,34,5,8,7,1,1,2,2,11,16,2,5,3,5,13,2,2,33,36,9,0,9,2,4,1,2,0,2,5,0,2,1,0,0,2,7,0,0,4,4,3,2,0,13,0,1,0,0,0,0,0,0,1,0,0,0,0,0,0,0,0,Boston
2018-12-20,17,17,4,8,6,0,2,2,0,13,10,2,5,1,3,12,4,7,30,28,2,0,11,0,9,1,4,0,0,1,1,0,1,0,0,1,11,0,0,13,0,0,2,0,12,0,0,1,0,0,1,0,0,0,0,0,0,0,0,0,0,0,Boston
2018-12-21,13,20,4,9,5,2,0,5,0,11,18,6,4,2,8,20,4,11,25,59,8,1,12,0,10,0,1,0,4,8,0,1,1,0,1,2,8,0,2,12,1,1,0,0,15,0,1,2,4,1,0,0,0,0,0,0,0,0,0,0,0,0,Boston
2018-12-22,13,27,2,10,3,3,0,3,0,11,7,3,0,0,8,14,2,10,23,31,8,0,10,1,4,0,5,0,2,7,0,0,1,1,1,5,6,0,3,10,2,2,1,0,10,1,0,0,1,0,0,0,0,1,0,0,0,0,0,0,0,0,Boston
2018-12-23,12,12,2,7,3,3,1,4,0,15,10,1,0,1,4,10,1,5,19,26,3,2,12,1,4,0,8,0,1,2,0,1,1,0,0,1,9,0,0,8,3,0,0,0,7,0,1,0,0,0,0,0,0,0,0,0,0,0,0,0,0,0,Boston
2018-12-24,13,16,0,9,1,3,0,3,1,9,11,3,1,1,2,8,0,9,16,20,6,0,15,0,3,0,1,0,0,2,0,1,1,2,0,2,5,0,0,9,1,0,1,0,3,0,2,1,0,0,0,0,0,0,0,0,0,0,0,0,0,0,Boston
2018-12-25,13,8,0,6,4,0,0,2,0,7,4,2,1,0,4,6,0,5,15,17,7,0,9,0,3,0,1,0,1,0,1,2,0,1,0,3,5,0,1,15,2,0,0,0,2,0,0,1,0,0,0,0,1,0,0,0,0,0,0,0,0,0,Boston
2018-12-26,11,20,3,5,2,1,0,5,0,4,6,1,3,0,2,15,0,6,17,25,5,0,6,0,2,1,1,1,0,3,0,1,0,0,1,2,3,0,0,10,1,1,0,1,13,1,0,1,0,0,1,1,0,0,0,0,0,0,0,0,0,0,Boston
2018-12-27,15,19,2,6,1,3,1,0,0,11,11,4,4,1,2,10,3,7,14,10,3,2,11,2,6,1,3,0,1,3,1,2,1,0,0,1,9,0,2,11,0,2,0,0,15,0,0,0,1,3,0,0,0,0,0,0,0,0,0,0,0,0,Boston
2018-12-28,4,17,3,7,7,4,1,0,0,12,12,3,5,1,8,11,5,6,22,28,6,1,13,1,4,0,2,0,0,6,0,0,1,1,0,1,8,0,0,8,2,1,0,1,12,0,0,1,1,0,0,0,0,0,0,0,0,0,0,0,0,0,Boston
2018-12-29,12,14,1,2,1,1,3,1,0,11,18,4,4,1,1,10,0,11,19,27,6,1,8,0,8,0,3,0,1,5,1,1,0,0,1,2,7,0,0,17,3,0,3,0,7,0,0,1,0,0,0,0,0,0,0,0,0,0,0,0,0,0,Boston
2018-12-30,15,21,7,9,3,2,0,1,4,18,15,3,4,0,6,17,4,6,20,19,2,0,8,1,5,0,10,0,1,4,1,1,0,0,0,1,7,0,5,15,3,1,1,1,9,1,1,2,0,0,0,0,0,0,0,0,0,0,0,0,0,0,Boston
