city,month_year,monthly_cases,robbery,assault,drugs,theft,weapons offense,breaking & entering,property crime,theft of vehicle,theft from vehicle,liquor,arson,disorder,traffic,vehicle recovery,family offense,kidnapping,homicide
Memphis,2018-01-01,0.0,0.9242902208201893,0.691358024691358,0.5039370078740157,0.8220260223048327,0.2222222222222222,0.8717310087173101,0.6122320302648171,0.4697754749568221,0.696969696969697,0.6296296296296297,0.37209302325581395,0.5141509433962265,0.5263157894736842,0.3825503355704698,0.5208333333333334,0.5,0.30952380952380953
Memphis,2018-02-01,0.0,0.5772870662460567,0.7087872185911401,0.5858267716535434,0.703996282527881,0.2661498708010336,0.7907845579078456,0.532156368221942,0.35837651122625214,0.5715778474399164,0.3333333333333333,0.4418604651162791,0.6556603773584906,0.6578947368421053,0.37583892617449666,0.5,1.0,0.30952380952380953
Memphis,2018-03-01,0.0,0.6403785488958991,0.9273783587509078,0.7543307086614173,0.779275092936803,0.3281653746770026,0.7036114570361146,0.6475409836065574,0.3221070811744387,0.5757575757575758,0.4074074074074074,0.7441860465116279,0.6037735849056604,0.7236842105263158,0.28187919463087246,0.7708333333333334,0.4583333333333333,0.16666666666666666
Memphis,2018-04-01,0.0,0.637223974763407,0.8765432098765432,0.6393700787401575,0.879182156133829,0.28940568475452194,0.8530510585305106,0.6380832282471627,0.29360967184801384,0.5966562173458725,0.25925925925925924,0.6511627906976745,0.7075471698113207,0.618421052631579,0.20134228187919462,0.8333333333333334,0.7916666666666666,0.2619047619047619
Memphis,2018-05-01,0.0,0.8107255520504731,1.0,0.6346456692913386,1.0,0.3333333333333333,0.975093399750934,0.7900378310214375,0.3065630397236615,0.6739811912225705,0.4074074074074074,0.4418604651162791,0.6650943396226415,0.5657894736842105,0.19463087248322147,0.9166666666666666,0.5833333333333334,0.2857142857142857
Memphis,2018-06-01,0.0,0.9463722397476341,0.9183006535947712,0.6220472440944882,0.9697955390334573,0.31266149870801035,0.9701120797011208,0.7332912988650694,0.3134715025906736,0.6091954022988506,0.37037037037037035,0.5116279069767442,0.839622641509434,0.6447368421052632,0.24161073825503357,0.7291666666666666,0.5833333333333334,0.6428571428571429
Memphis,2018-07-01,0.0,1.0,0.9531590413943355,0.5779527559055118,0.9637546468401487,0.20671834625322996,1.0,0.757250945775536,0.31951640759930916,0.8150470219435737,0.25925925925925924,0.6744186046511628,0.7877358490566038,0.40789473684210525,0.174496644295302,0.8333333333333334,0.5833333333333334,0.5238095238095238
Memphis,2018-08-01,0.0,0.8233438485804416,0.9045025417574437,0.705511811023622,0.9605018587360595,0.31007751937984496,0.9651307596513076,0.7030264817150063,0.31088082901554404,0.7565308254963428,0.5185185185185185,0.627906976744186,0.7924528301886793,0.7105263157894737,0.3087248322147651,1.0,0.5,0.35714285714285715
Memphis,2018-09-01,0.0,0.9400630914826499,0.8416848220769789,0.4409448818897638,0.9010223048327137,0.2532299741602067,0.8293897882938979,0.6651954602774275,0.32124352331606215,0.8557993730407524,0.48148148148148145,0.5813953488372093,0.7028301886792453,0.6842105263157895,0.3624161073825503,0.5833333333333334,0.875,0.5952380952380952
Memphis,2018-10-01,0.0,0.9053627760252366,0.8159041394335512,0.6614173228346457,0.8763940520446096,0.2661498708010336,0.8244084682440846,0.6204287515762925,0.3385146804835924,0.9143155694879833,0.3333333333333333,0.5116279069767442,0.8773584905660378,0.8552631578947368,0.2684563758389262,0.9791666666666666,0.5416666666666666,0.42857142857142855
Memphis,2018-11-01,0.0,0.832807570977918,0.7167755991285403,0.4582677165354331,0.8359665427509294,0.2842377260981912,0.7957658779576587,0.5712484237074401,0.33074265975820377,0.6415882967607106,0.2222222222222222,0.7209302325581395,0.7122641509433962,0.7105263157894737,0.31543624161073824,0.8541666666666666,0.4166666666666667,0.4523809523809524
Memphis,2018-12-01,0.0,0.8801261829652997,0.770878721859114,0.44724409448818897,0.8726765799256505,0.23772609819121446,0.9016189290161893,0.626733921815889,0.37305699481865284,0.593521421107628,0.5925925925925926,0.46511627906976744,0.7169811320754716,0.6578947368421053,0.37583892617449666,0.6458333333333334,0.5833333333333334,0.40476190476190477
Memphis,2019-01-01,0.0,0.7381703470031545,0.7527233115468409,0.6047244094488189,0.8550185873605948,0.2532299741602067,0.8181818181818182,0.6235813366960908,0.3221070811744387,0.5329153605015674,0.4444444444444444,0.627906976744186,0.7688679245283019,0.5657894736842105,0.21476510067114093,0.9375,0.6666666666666666,0.38095238095238093
Memphis,2019-02-01,0.0,0.5299684542586751,0.654320987654321,0.42362204724409447,0.7602230483271375,0.21963824289405684,0.7409713574097135,0.5050441361916772,0.270293609671848,0.49007314524555906,0.5555555555555556,0.3953488372093023,0.6886792452830188,0.6973684210526315,0.20134228187919462,0.6458333333333334,0.3333333333333333,0.2857142857142857
Memphis,2019-03-01,0.0,0.4479495268138801,0.8140885984023238,0.647244094488189,0.7848513011152416,0.3281653746770026,0.6749688667496887,0.605296343001261,0.24438687392055267,0.49216300940438873,1.0,0.4883720930232558,0.9433962264150944,0.9868421052631579,0.21476510067114093,0.8541666666666666,0.5833333333333334,0.35714285714285715
Memphis,2019-04-01,0.0,0.5709779179810726,0.8874364560639071,0.5322834645669291,0.8949814126394052,0.29198966408268734,0.7683686176836861,0.6097099621689785,0.24870466321243523,0.5287356321839081,0.5925925925925926,0.5581395348837209,0.7735849056603774,0.42105263157894735,0.2483221476510067,0.6458333333333334,0.5,0.5238095238095238
Memphis,2019-05-01,0.0,0.6845425867507886,0.9411764705882353,0.5433070866141733,0.9526022304832714,0.2661498708010336,0.7646326276463262,0.7320302648171501,0.3324697754749568,0.6624869383490073,0.5555555555555556,0.9069767441860465,0.9292452830188679,0.6578947368421053,0.22818791946308725,0.9583333333333334,0.8333333333333334,0.35714285714285715
Memphis,2019-06-01,0.0,0.7981072555205048,0.8547567175018156,0.4062992125984252,0.9107806691449815,0.19896640826873385,0.7347447073474471,0.6923076923076923,0.3696027633851468,0.6927899686520376,0.5555555555555556,0.813953488372093,0.7688679245283019,0.6973684210526315,0.16778523489932887,0.7083333333333334,0.6666666666666666,0.42857142857142855
Memphis,2019-07-01,0.0,0.8012618296529969,0.8671023965141612,0.5070866141732283,0.9744423791821561,0.22739018087855298,0.8032378580323786,0.7414880201765448,0.36183074265975823,0.8035527690700105,0.6666666666666666,0.8604651162790697,1.0,0.6578947368421053,0.24161073825503357,0.7083333333333334,0.4583333333333333,0.40476190476190477
Memphis,2019-08-01,0.0,0.7255520504731862,0.8373275236020334,0.5984251968503937,0.8536245353159851,0.29457364341085274,0.8841843088418431,0.6721311475409836,0.34196891191709844,0.7210031347962382,0.6296296296296297,0.813953488372093,0.8962264150943396,1.0,0.24161073825503357,0.8333333333333334,0.3333333333333333,0.42857142857142855
Memphis,2019-09-01,0.0,0.7350157728706624,0.8522149600580973,0.647244094488189,0.8986988847583643,0.25064599483204136,0.8231631382316313,0.6885245901639344,0.3454231433506045,0.7784743991640544,0.5555555555555556,0.6976744186046512,0.7358490566037735,0.8157894736842105,0.2550335570469799,0.9375,0.5416666666666666,0.4523809523809524
Memphis,2019-10-01,0.0,0.6277602523659306,0.7817719680464779,0.5590551181102362,0.9140334572490706,0.26356589147286824,0.8430884184308842,0.6324085750315258,0.29447322970639034,0.6154649947753396,0.5185185185185185,0.5348837209302325,0.7924528301886793,0.7236842105263158,0.26174496644295303,0.4583333333333333,0.5,0.40476190476190477
Memphis,2019-11-01,0.0,0.5362776025236593,0.6902687000726216,0.5889763779527559,0.8169144981412639,0.23255813953488372,0.7198007471980075,0.5718789407313998,0.3022452504317789,0.5203761755485894,0.37037037037037035,0.5581395348837209,0.6933962264150944,0.618421052631579,0.18791946308724833,0.5208333333333334,0.375,0.47619047619047616
Memphis,2019-12-01,0.0,0.722397476340694,0.7766884531590414,0.5826771653543307,0.9172862453531598,0.28165374677002586,0.7646326276463262,0.6254728877679697,0.3229706390328152,0.587251828631139,0.6666666666666666,0.6046511627906976,0.7924528301886793,0.9078947368421053,0.31543624161073824,0.8125,0.5833333333333334,0.6904761904761905
Memphis,2020-01-01,0.0,0.722397476340694,0.7454611474219317,0.6047244094488189,0.8880111524163569,0.4444444444444444,0.6077210460772104,0.6008827238335435,0.3635578583765112,0.5621734587251829,0.3333333333333333,0.5813953488372093,0.8773584905660378,0.618421052631579,0.2483221476510067,0.8333333333333334,0.375,0.5238095238095238
Memphis,2020-02-01,0.0,0.5141955835962145,0.6790123456790124,0.5637795275590551,0.8113382899628253,0.4392764857881137,0.6014943960149439,0.5252206809583859,0.3221070811744387,0.5203761755485894,0.48148148148148145,0.5348837209302325,0.8537735849056604,0.6973684210526315,0.2684563758389262,0.4791666666666667,0.5833333333333334,0.38095238095238093
Memphis,2020-03-01,0.00796071720854103,0.555205047318612,0.739288307915759,0.510236220472441,0.7704460966542751,0.4625322997416021,0.5616438356164384,0.6324085750315258,0.3333333333333333,0.5329153605015674,0.5925925925925926,0.6046511627906976,0.6415094339622641,0.4868421052631579,0.22818791946308725,0.4791666666666667,0.5833333333333334,0.5
Memphis,2020-04-01,0.040342980433003495,0.4952681388012618,0.7106027596223675,0.494488188976378,0.7091078066914498,0.45219638242894056,0.5379825653798257,0.6626733921815889,0.32037996545768566,0.6290491118077325,0.2962962962962963,0.6744186046511628,0.4528301886792453,0.42105263157894735,0.28187919463087246,0.4375,0.2916666666666667,0.5714285714285714
Memphis,2020-05-01,0.048378096867792576,0.5646687697160884,0.9077705156136529,1.0,0.7077137546468402,0.8320413436692506,0.5653798256537983,0.712484237074401,0.24956822107081175,0.5308254963427377,0.6666666666666666,1.0,0.7028301886792453,0.8289473684210527,0.24161073825503357,0.4166666666666667,0.5416666666666666,0.7380952380952381
Memphis,2020-06-01,0.0920876422885202,0.5709779179810726,0.8663761801016703,0.384251968503937,0.7681226765799256,0.5271317829457365,0.6276463262764632,0.7509457755359394,0.3169257340241796,0.5987460815047022,0.1111111111111111,0.8604651162790697,0.6698113207547169,0.5789473684210527,0.2080536912751678,0.6458333333333334,0.5,0.7380952380952381
Memphis,2020-07-01,0.20422587605088907,0.5583596214511041,0.8623819898329702,0.462992125984252,0.6621747211895911,0.6408268733850129,0.5815691158156912,0.8474148802017655,0.30569948186528495,0.6802507836990596,0.2962962962962963,0.7674418604651163,0.8820754716981132,0.4342105263157895,0.22818791946308725,0.3125,0.5,0.9523809523809523
Memphis,2020-08-01,0.11576519604196116,0.526813880126183,0.8696441539578794,0.7653543307086614,0.7295539033457249,0.8320413436692506,0.539227895392279,0.7055485498108449,0.3393782383419689,0.6854754440961337,0.2962962962962963,0.6976744186046512,0.7688679245283019,0.6052631578947368,0.3288590604026846,0.5208333333333334,0.4583333333333333,0.6428571428571429
Memphis,2020-09-01,0.07477122237928725,0.6498422712933754,0.8311546840958606,0.768503937007874,0.7002788104089219,0.7209302325581395,0.5255292652552926,0.7402269861286255,0.3022452504317789,0.7931034482758621,0.37037037037037035,0.6046511627906976,0.6367924528301887,0.618421052631579,0.28859060402684567,0.7291666666666666,0.625,0.6666666666666666
Memphis,2020-10-01,0.1113942414998884,0.6151419558359621,0.79920116194626,0.6740157480314961,0.779275092936803,0.7183462532299741,0.6313823163138231,0.6651954602774275,0.31519861830742657,0.6415882967607106,0.48148148148148145,0.6046511627906976,0.6650943396226415,0.7631578947368421,0.3221476510067114,0.9583333333333334,0.7083333333333334,0.6666666666666666
Memphis,2020-11-01,0.20430027527713712,0.5173501577287066,0.7563543936092956,0.6094488188976378,0.7936802973977695,0.6434108527131783,0.5255292652552926,0.6387137452711223,0.3903281519861831,0.6959247648902821,0.2222222222222222,0.7209302325581395,0.6839622641509434,0.5921052631578947,0.31543624161073824,0.4791666666666667,0.6666666666666666,0.8571428571428571
Memphis,2020-12-01,0.3490997693623986,0.6624605678233438,0.719680464778504,0.38740157480314963,0.8559479553903345,0.6537467700258398,0.6151930261519303,0.6721311475409836,0.45077720207253885,0.7920585161964472,0.48148148148148145,0.7209302325581395,0.6792452830188679,0.4473684210526316,0.2483221476510067,0.5625,0.5833333333333334,0.8571428571428571
Memphis,2021-01-01,0.2727847630384644,0.5331230283911672,0.7004357298474946,0.6677165354330709,0.7676579925650557,0.6873385012919897,0.49066002490660027,0.6891551071878941,0.4481865284974093,0.7126436781609196,0.3333333333333333,0.4883720930232558,0.7216981132075472,0.5394736842105263,0.3288590604026846,0.4791666666666667,0.4583333333333333,0.7619047619047619
Memphis,2021-02-01,0.08981846588795477,0.34069400630914826,0.5784313725490197,0.4220472440944882,0.5190520446096655,0.48578811369509045,0.3835616438356164,0.4457755359394704,0.3704663212435233,0.4169278996865204,0.18518518518518517,0.4186046511627907,0.5707547169811321,0.27631578947368424,0.2348993288590604,0.6458333333333334,0.4166666666666667,0.6904761904761905
Memphis,2021-03-01,0.061844356818689085,0.4637223974763407,0.7857661583151779,0.9165354330708662,0.671003717472119,0.8604651162790697,0.40099626400996263,0.6191677175283733,0.33592400690846286,0.5402298850574713,0.2962962962962963,0.8372093023255814,0.6745283018867925,0.9210526315789473,0.22818791946308725,0.5833333333333334,0.375,0.5
Memphis,2021-04-01,0.08001636782977457,0.4889589905362776,0.8090050835148874,0.7826771653543307,0.6287174721189591,0.7571059431524548,0.47820672478206727,0.5838587641866331,0.27288428324697755,0.438871473354232,0.37037037037037035,0.9069767441860465,0.5566037735849056,0.6710526315789473,0.19463087248322147,0.5625,0.3333333333333333,0.5
Memphis,2021-05-01,0.057585001115988396,0.5520504731861199,0.9244734931009441,0.7275590551181103,0.7309479553903345,0.7803617571059431,0.5205479452054794,0.7099621689785625,0.3696027633851468,0.6363636363636364,0.4074074074074074,0.8604651162790697,0.7122641509433962,0.8947368421052632,0.3087248322147651,0.4375,0.625,0.5238095238095238
Memphis,2021-06-01,0.024979540212781787,0.4794952681388013,0.8943355119825708,0.5921259842519685,0.7170074349442379,0.6976744186046512,0.5093399750933998,0.7175283732660782,0.348013816925734,0.5214211076280042,0.48148148148148145,1.0,0.7169811320754716,0.6973684210526315,0.2348993288590604,0.5416666666666666,0.6666666666666666,0.7142857142857143
Memphis,2021-07-01,0.12194033182054907,0.583596214511041,0.8591140159767611,0.7826771653543307,0.7179368029739777,0.8087855297157622,0.6127023661270237,0.757250945775536,0.4170984455958549,0.6990595611285266,0.5555555555555556,0.7674418604651163,0.8018867924528302,0.6842105263157895,0.28859060402684567,0.4166666666666667,0.7083333333333334,0.6190476190476191
Memphis,2021-08-01,0.37869206160255936,0.6466876971608833,0.8184458968772694,0.7307086614173228,0.7053903345724907,0.6795865633074936,0.5466998754669987,0.6992433795712484,0.3903281519861831,0.8537095088819227,0.4074074074074074,0.7674418604651163,0.7311320754716981,0.7894736842105263,0.174496644295302,0.6041666666666666,0.5416666666666666,0.6428571428571429
Memphis,2021-09-01,0.27680232125585896,0.6277602523659306,0.8202614379084967,0.6456692913385826,0.7053903345724907,0.7002583979328165,0.5691158156911582,0.6563682219419924,0.3911917098445596,0.7910135841170324,0.25925925925925924,0.8372093023255814,0.6981132075471698,0.6973684210526315,0.3221476510067114,0.6458333333333334,0.7083333333333334,0.8333333333333334
Memphis,2021-10-01,0.07506881928427944,0.7160883280757098,0.8783587509077705,0.6787401574803149,0.729089219330855,0.7441860465116279,0.6774595267745953,0.8493064312736444,0.4378238341968912,0.9571577847439916,0.25925925925925924,0.5116279069767442,0.7311320754716981,0.6973684210526315,0.2953020134228188,0.7083333333333334,0.6666666666666666,1.0
Memphis,2021-11-01,0.06286734617959973,0.526813880126183,0.7447349310094408,0.7732283464566929,0.6635687732342007,0.7648578811369509,0.5292652552926526,0.6885245901639344,0.385146804835924,0.696969696969697,0.3333333333333333,0.5116279069767442,0.6556603773584906,0.8157894736842105,0.22818791946308725,0.7083333333333334,0.4583333333333333,0.6428571428571429
Memphis,2021-12-01,0.45340748456216057,0.668769716088328,0.7414669571532316,0.5763779527559055,0.6858736059479554,0.6666666666666666,0.5940224159402242,0.6532156368221942,0.422279792746114,0.6687565308254964,0.25925925925925924,0.6511627906976745,0.6462264150943396,0.6710526315789473,0.3825503355704698,0.7083333333333334,0.7083333333333334,0.9047619047619048
Memphis,2022-01-01,1.0,0.7602523659305994,0.659041394335512,0.5637795275590551,0.6840148698884758,0.689922480620155,0.5205479452054794,0.7219419924337958,0.5466321243523317,0.8380355276907001,0.2962962962962963,0.5813953488372093,0.6933962264150944,0.7368421052631579,0.31543624161073824,0.625,0.375,0.6428571428571429
Memphis,2022-02-01,0.14905884978796222,0.4794952681388013,0.6419753086419753,0.6960629921259842,0.6115241635687733,0.6149870801033591,0.5155666251556662,0.5844892812105927,0.39291882556131263,0.5977011494252874,0.37037037037037035,0.7209302325581395,0.6886792452830188,0.6710526315789473,0.21476510067114093,0.625,0.5833333333333334,0.5238095238095238
Memphis,2022-03-01,0.020943382188825237,0.5236593059936908,0.7665214233841685,0.9574803149606299,0.6821561338289963,0.9018087855297158,0.5740971357409713,0.6897856242118537,0.41278065630397237,0.5987460815047022,0.3333333333333333,0.6744186046511628,0.9198113207547169,0.6973684210526315,0.2550335570469799,0.6458333333333334,0.5416666666666666,0.4523809523809524
Memphis,2022-04-01,0.02533293653746001,0.6151419558359621,0.8435003631082062,0.8440944881889764,0.7323420074349443,1.0,0.589041095890411,0.7030264817150063,0.41364421416234887,0.7115987460815048,0.5185185185185185,0.5116279069767442,0.7641509433962265,0.9078947368421053,0.3624161073825503,0.6041666666666666,0.5416666666666666,0.5238095238095238
Memphis,2022-05-01,0.14143292909753738,0.7097791798107256,0.9262890341321713,0.5937007874015748,0.8104089219330854,0.9483204134366925,0.7073474470734745,0.860655737704918,0.5449050086355786,0.9968652037617555,0.4074074074074074,0.7906976744186046,0.6981132075471698,0.5921052631578947,0.3288590604026846,0.6458333333333334,0.5833333333333334,0.5238095238095238
Memphis,2022-06-01,0.18943902983408972,0.5899053627760252,0.8191721132897604,0.6866141732283465,0.7662639405204461,0.8656330749354005,0.6376089663760897,0.9936948297604036,0.8005181347150259,1.0,0.2962962962962963,0.6511627906976745,0.7830188679245284,0.9605263157894737,0.610738255033557,0.8333333333333334,0.4583333333333333,0.6190476190476191
Memphis,2022-07-01,0.1556617811174764,0.6498422712933754,0.835511982570806,0.6881889763779527,0.828996282527881,0.8992248062015504,0.709838107098381,1.0,1.0,0.9111807732497388,0.2962962962962963,0.6046511627906976,0.6556603773584906,0.881578947368421,0.7986577181208053,0.75,0.625,0.6428571428571429
Memphis,2022-08-01,0.137694367978573,0.555205047318612,0.831517792302106,0.7448818897637796,0.8536245353159851,0.8320413436692506,0.5990037359900373,0.9382093316519546,0.9075993091537133,0.851619644723093,0.37037037037037035,0.7441860465116279,0.7075471698113207,0.6973684210526315,0.7248322147651006,0.7916666666666666,0.5,0.5238095238095238
Memphis,2022-09-01,0.07080946358157875,0.555205047318612,0.8253449527959332,0.7275590551181103,0.8104089219330854,0.7596899224806202,0.5491905354919053,0.851828499369483,0.9689119170984456,0.8547544409613375,0.25925925925925924,0.7441860465116279,0.7594339622641509,0.7105263157894737,0.9261744966442953,0.875,0.8333333333333334,0.5
Memphis,2022-10-01,0.031043077151997618,0.6151419558359621,0.7047930283224401,0.6661417322834645,0.7281598513011153,0.6434108527131783,0.5242839352428393,0.8127364438839849,0.9913644214162349,0.8537095088819227,0.37037037037037035,0.5348837209302325,0.5235849056603774,0.6578947368421053,1.0,0.7291666666666666,0.3333333333333333,0.42857142857142855
Chicago,2018-01-01,0.0,0.9532908704883227,0.7158599525735807,0.7505197505197505,0.7436054525961097,0.41608040201005025,0.8453892876863611,0.7086238532110092,0.4193413922467695,,0.6388888888888888,0.3333333333333333,0.41252699784017277,,,,0.8181818181818182,0.38392857142857145
Chicago,2018-02-01,0.0,0.6740976645435244,0.6522527549170037,0.6902286902286903,0.5973349670699954,0.3135678391959799,0.688017669795693,0.6135779816513761,0.26094205919132973,,0.25,0.1794871794871795,0.408207343412527,,,,0.6818181818181818,0.38392857142857145
Chicago,2018-03-01,0.0,0.7834394904458599,0.7942530338959408,0.8884268884268884,0.7276765201409098,0.4040201005025126,0.7774710104914412,0.8576146788990826,0.3067944977073781,,0.6388888888888888,0.41025641025641024,0.5637149028077754,,,,0.7272727272727273,0.30357142857142855
Chicago,2018-04-01,0.0,0.7356687898089171,0.7759799135165295,0.762993762993763,0.7655077347220095,0.4120603015075377,0.8431805632247377,0.8220183486238533,0.3134639433097124,,0.5555555555555556,0.34615384615384615,0.5010799136069114,,,,0.5454545454545454,0.38392857142857145
Chicago,2018-05-01,0.0,0.851380042462845,1.0,0.8156618156618156,0.8788482156532393,0.5597989949748744,0.8691330756488128,0.9798165137614679,0.346394330971238,,0.8888888888888888,0.4230769230769231,0.5853131749460043,,,,0.7727272727272727,0.48214285714285715
Chicago,2018-06-01,0.0,0.9097664543524416,0.9323476077556144,0.7491337491337491,0.9247970592740082,0.5155778894472361,0.913859745996687,0.950091743119266,0.3401417257190496,,0.7222222222222222,0.46153846153846156,0.5896328293736501,,,,0.8636363636363636,0.5089285714285714
Chicago,2018-07-01,0.0,0.9299363057324841,0.9750313851304226,0.8274428274428275,0.9447082248430081,0.5658291457286432,0.9596907785753728,1.0,0.3568153397248854,,0.8888888888888888,0.5256410256410257,0.6198704103671706,,,,0.6363636363636364,0.5625
Chicago,2018-08-01,0.0,1.0,0.9232807923001813,0.8835758835758836,1.0,0.5809045226130654,1.0,0.9673394495412844,0.38641100458524386,,0.6944444444444444,0.48717948717948717,0.593952483801296,,,,0.7272727272727273,0.5267857142857143
Chicago,2018-09-01,0.0,0.8152866242038217,0.8829683358906403,0.814968814968815,0.8862000306325624,0.5095477386934674,0.9155162893429045,0.8392660550458716,0.3772405168820342,,0.7777777777777778,0.41025641025641024,0.5442764578833693,,,,0.6818181818181818,0.49107142857142855
Chicago,2018-10-01,0.0,0.8885350318471338,0.8616264472032361,0.7276507276507277,0.8682799816204626,0.4733668341708543,0.864715626725566,0.9251376146788991,0.33097123801583994,,0.5833333333333334,0.46153846153846156,0.5226781857451404,,,,0.36363636363636365,0.5267857142857143
Chicago,2018-11-01,0.0,0.8354564755838642,0.7425024410656995,0.8045738045738046,0.7906264359013632,0.41809045226130653,0.7807840971838763,0.7225688073394495,0.3409754064193414,,0.5555555555555556,0.3333333333333333,0.45788336933045354,,,,0.7272727272727273,0.41964285714285715
Chicago,2018-12-01,0.0,0.8980891719745223,0.778769702887432,0.6978516978516979,0.871190075049778,0.464321608040201,0.8426283821093319,0.8242201834862385,0.381825760733639,,0.25,0.41025641025641024,0.5680345572354212,,,,0.8636363636363636,0.39285714285714285
Chicago,2019-01-01,0.0,0.6985138004246284,0.7162784209792161,0.9286209286209286,0.6979629345994792,0.46130653266331656,0.7509663169519603,0.658348623853211,0.29512296790329307,,0.5833333333333334,0.28205128205128205,0.4449244060475162,,,,0.5,0.20535714285714285
Chicago,2019-02-01,0.0,0.5276008492569002,0.6800111591574836,0.8808038808038808,0.6726910706080563,0.39095477386934674,0.6449475427940364,0.6300917431192661,0.27261358899541477,,0.25,0.3717948717948718,0.5010799136069114,,,,0.6363636363636364,0.22321428571428573
Chicago,2019-03-01,0.0,0.5403397027600849,0.8157344120518901,0.9757449757449758,0.6858630724460101,0.5125628140703518,0.658199889563777,0.74348623853211,0.2988745310546061,,0.5,0.358974358974359,0.5550755939524838,,,,0.9090909090909091,0.33035714285714285
Chicago,2019-04-01,0.0,0.6358811040339702,0.813363091086623,0.8953568953568953,0.7126665645581253,0.5447236180904522,0.6968525676421866,0.8355963302752294,0.32096706961233845,,0.3611111111111111,0.3974358974358974,0.6177105831533477,,,,0.6363636363636364,0.5446428571428571
Chicago,2019-05-01,0.0,0.6709129511677282,0.9712651694797043,0.832986832986833,0.8266196967376321,0.6402010050251257,0.8061844284925456,0.916697247706422,0.31846602751146313,,0.4166666666666667,0.32051282051282054,0.7321814254859611,,,,0.9545454545454546,0.49107142857142855
Chicago,2019-06-01,0.0,0.8142250530785563,0.9598270330590041,0.8523908523908524,0.8661357022514934,0.5869346733668341,0.755935946990613,0.9288073394495413,0.32221759066277617,,0.6388888888888888,0.3717948717948718,0.652267818574514,,,,0.7727272727272727,0.4642857142857143
Chicago,2019-07-01,0.0,0.8237791932059448,0.9740549588506068,0.8877338877338877,0.918670546791239,0.6984924623115578,0.8580894533406958,0.9530275229357799,0.3689037098791163,,1.0,0.5897435897435898,0.7580993520518359,,,,1.0,0.39285714285714285
Chicago,2019-08-01,0.0,0.8163481953290871,0.9126795926907518,1.0,0.9454740389033542,0.6763819095477387,0.8255107675317505,0.9420183486238533,0.35139641517298875,,0.8055555555555556,0.46153846153846156,0.7019438444924406,,,,0.5909090909090909,0.45535714285714285
Chicago,2019-09-01,0.0,0.7335456475583864,0.8732040730924815,0.8350658350658351,0.8336651860928167,0.5869346733668341,0.8205411374930978,0.8697247706422019,0.2830345977490621,,0.6944444444444444,0.3717948717948718,0.6825053995680346,,,,0.6363636363636364,0.45535714285714285
Chicago,2019-10-01,0.0,0.7282377919320594,0.7978797600781141,0.8218988218988219,0.8253943942410783,0.4984924623115578,0.7956929872998344,0.8543119266055046,0.3026260942059191,,0.5,0.358974358974359,0.5529157667386609,,,,0.22727272727272727,0.36607142857142855
Chicago,2019-11-01,0.0,0.7070063694267515,0.7331566466731761,0.7796257796257796,0.748506662582325,0.46934673366834173,0.7366096079514081,0.7299082568807339,0.2884535223009587,,0.5277777777777778,0.41025641025641024,0.4794816414686825,,,,0.8636363636363636,0.30357142857142855
Chicago,2019-12-01,0.0,0.7898089171974523,0.7635653508160134,0.7532917532917532,0.8359626282738551,0.5226130653266332,0.7377139701822197,0.7291743119266055,0.3197165485619008,,0.16666666666666666,0.5256410256410257,0.4470842332613391,,,,0.8181818181818182,0.30357142857142855
Chicago,2020-01-01,7.712716727340038e-06,0.7696390658174098,0.7358069465755336,0.8967428967428968,0.7050084239546638,0.507537688442211,0.7261181667586969,0.6576146788990825,0.2784493538974573,,0.4166666666666667,0.2948717948717949,0.5248380129589633,,,,0.6363636363636364,0.32142857142857145
Chicago,2020-02-01,0.0,0.6762208067940552,0.6819640117171154,0.8163548163548163,0.6396079032011027,0.4763819095477387,0.6372170071783545,0.6392660550458715,0.27177990829512294,,0.5833333333333334,0.3974358974358974,0.47516198704103674,,,,0.5909090909090909,0.3392857142857143
Chicago,2020-03-01,0.017330474486333066,0.5265392781316348,0.7176733156646673,0.5148995148995149,0.5408178894164497,0.47738693467336685,0.5306460519050249,0.6943119266055046,0.2617757398916215,,0.3055555555555556,0.34615384615384615,0.3714902807775378,,,,0.36363636363636365,0.26785714285714285
Chicago,2020-04-01,0.123469025729623,0.4830148619957537,0.5395452643325429,0.12404712404712405,0.38382600704548936,0.4834170854271357,0.42131419105466594,0.6546788990825688,0.2746977907461442,,0.027777777777777776,0.46153846153846156,0.14038876889848811,,,,0.13636363636363635,0.5535714285714286
Chicago,2020-05-01,0.15969951255630283,0.6358811040339702,0.7094434370205049,0.3354123354123354,0.4473885740542196,0.8080402010050252,0.883489784649365,0.9093577981651376,0.34556065027094623,,0.1111111111111111,1.0,1.0,,,,0.5454545454545454,0.7678571428571429
Chicago,2020-06-01,0.04863253532424261,0.6093418259023354,0.8020644441344679,0.23492723492723494,0.4722009496094348,0.7989949748743719,0.5737161789066814,0.8994495412844037,0.33097123801583994,,0.027777777777777776,0.9487179487179487,0.4557235421166307,,,,0.6363636363636364,0.8392857142857143
Chicago,2020-07-01,0.057679552045412474,0.7791932059447984,0.8591156367694239,0.35828135828135826,0.5625670087302803,0.8221105527638191,0.5781336278299282,0.9185321100917431,0.3997498957899125,,0.8055555555555556,0.8076923076923077,0.31965442764578833,,,,0.4090909090909091,0.9910714285714286
Chicago,2020-08-01,0.08130745973961868,0.8662420382165605,0.8394476217045613,0.3832293832293832,0.5948843620768878,1.0,0.7752622860298177,0.8678899082568807,0.41517298874531056,,0.7777777777777778,0.7307692307692307,0.3542116630669546,,,,0.5,0.6071428571428571
Chicago,2020-09-01,0.07282732769790831,0.7887473460721869,0.730645836239364,0.3866943866943867,0.5546025425026804,0.8522613065326633,0.5455549420209829,0.7959633027522935,0.3839099624843685,,0.4166666666666667,0.717948717948718,0.26997840172786175,,,,0.6818181818181818,0.7410714285714286
Chicago,2020-10-01,0.1704433269574875,0.802547770700637,0.7023294741247036,0.4331254331254331,0.5244294685250421,0.8241206030150754,0.5289895085588073,0.7864220183486239,0.4168403501458941,,0.3055555555555556,0.6923076923076923,0.31965442764578833,,,,0.5454545454545454,0.6071428571428571
Chicago,2020-11-01,0.45007172826556424,0.8014861995753716,0.6205886455572605,0.352044352044352,0.45382141216112726,0.7939698492462312,0.49088901159580345,0.6928440366972477,0.3909962484368487,,0.08333333333333333,0.6410256410256411,0.20734341252699784,,,,0.3181818181818182,0.5625
Chicago,2020-12-01,0.3365945270562103,0.5997876857749469,0.5691170316641093,0.35828135828135826,0.44708224843008115,0.7768844221105528,0.44947542794036444,0.6128440366972477,0.37974155898290957,,0.1111111111111111,0.5128205128205128,0.20734341252699784,,,,0.2727272727272727,0.5089285714285714
Chicago,2021-01-01,0.23131208736965508,0.7717622080679406,0.5855767889524341,0.3492723492723493,0.40848521978863533,0.7195979899497488,0.4086140254003313,0.6337614678899083,0.3343059608170071,,0.1388888888888889,0.5,0.21166306695464362,,,,0.22727272727272727,0.49107142857142855
Chicago,2021-02-01,0.0800695687048806,0.5074309978768577,0.5321523224996513,0.41857241857241856,0.32485832439883594,0.4834170854271357,0.311982330204307,0.5346788990825688,0.2626094205919133,,0.5,0.2948717948717949,0.12311015118790497,,,,0.3181818181818182,0.3392857142857143
Chicago,2021-03-01,0.09057814524588141,0.5116772823779193,0.6528107127911843,0.5592515592515592,0.4192066166334814,0.7788944723618091,0.37161789066813916,0.6957798165137614,0.3280533555648187,,0.2777777777777778,0.6282051282051282,0.21166306695464362,,,,0.45454545454545453,0.4017857142857143
Chicago,2021-04-01,0.1410540198679583,0.49469214437367304,0.668154554331148,0.34026334026334026,0.42809005973349673,0.7979899497487437,0.3793484262838211,0.7148623853211009,0.2976240100041684,,0.2222222222222222,0.5256410256410257,0.1771058315334773,,,,0.36363636363636365,0.49107142857142855
Chicago,2021-05-01,0.07425032393410255,0.5360934182590233,0.7825359185381504,0.36936936936936937,0.5006892326543115,0.8824120603015075,0.4108227498619547,0.8392660550458716,0.310962901208837,,0.4722222222222222,0.6282051282051282,0.20086393088552915,,,,0.5,0.5892857142857143
Chicago,2021-06-01,0.012668137224656012,0.6369426751592356,0.8222904170735109,0.2966042966042966,0.5359166794302344,0.9306532663316583,0.4345665378244064,0.8502752293577982,0.3476448520216757,,0.4722222222222222,0.6282051282051282,0.23110151187904968,,,,0.36363636363636365,0.75
Chicago,2021-07-01,0.027341580798420435,0.7558386411889597,0.8349839587111173,0.22522522522522523,0.6065247357941492,0.8532663316582915,0.4770844837106571,0.913394495412844,0.3488953730721134,,0.2777777777777778,0.6410256410256411,0.23974082073434125,,,,0.2727272727272727,1.0
Chicago,2021-08-01,0.10781992348985006,0.6953290870488322,0.8112707490584461,0.18225918225918225,0.5947311992648185,0.8160804020100503,0.4875759249033683,0.8517431192660551,0.3793247186327636,,0.25,0.6153846153846154,0.1511879049676026,,,,0.4090909090909091,0.7410714285714286
Chicago,2021-09-01,0.10615012031838095,0.8205944798301487,0.8348444692425722,0.17325017325017325,0.6051462704855262,0.8341708542713567,0.5543898398674766,0.843302752293578,0.42350979574822845,,0.6944444444444444,0.5897435897435898,0.2505399568034557,,,,0.45454545454545453,0.8214285714285714
Chicago,2021-10-01,0.08365212562473005,0.8885350318471338,0.8035988282884642,0.20651420651420652,0.6469597181804257,0.7587939698492462,0.5985643290999448,0.8242201834862385,0.4831179658190913,,0.5555555555555556,0.5641025641025641,0.20086393088552915,,,,0.2727272727272727,0.5625
Chicago,2021-11-01,0.1391335534028506,0.8290870488322718,0.6766634119124006,0.1884961884961885,0.5872262214734263,0.7105527638190955,0.571507454445058,0.7658715596330276,0.44310129220508543,,0.8055555555555556,0.5384615384615384,0.15982721382289417,,,,0.45454545454545453,0.5535714285714286
Chicago,2021-12-01,0.5557976491639415,0.9585987261146497,0.6812665643743897,0.16216216216216217,0.5844692908561802,0.6241206030150753,0.5505245720596356,0.7405504587155963,0.45685702375989995,,0.4444444444444444,0.6025641025641025,0.19870410367170627,,,,0.3181818181818182,0.48214285714285715
Chicago,2022-01-01,1.0,0.727176220806794,0.5947830938764124,0.1573111573111573,0.5172308163577883,0.5547738693467337,0.4649364991717283,0.6187155963302752,0.4614422676115048,,0.1388888888888889,0.3717948717948718,0.12526997840172785,,,,0.4090909090909091,0.4732142857142857
Chicago,2022-02-01,0.11725643240575061,0.6539278131634819,0.5953410517505928,0.2993762993762994,0.5065094195129423,0.5919597989949749,0.44340143567090007,0.569908256880734,0.3997498957899125,,0.1111111111111111,0.32051282051282054,0.20302375809935205,,,,0.36363636363636365,0.39285714285714285
Chicago,2022-03-01,0.06391913987783057,0.6273885350318471,0.7102803738317757,0.2945252945252945,0.6347066932148874,0.7105527638190955,0.5212589729431254,0.7288073394495412,0.4460191746561067,,0.5833333333333334,0.2948717948717949,0.22462203023758098,,,,0.4090909090909091,0.3482142857142857
Chicago,2022-04-01,0.13081153205405072,0.638004246284501,0.702887431998884,0.2772002772002772,0.60039822331138,0.7487437185929648,0.5063500828271673,0.7438532110091743,0.4185077115464777,,0.4166666666666667,0.4358974358974359,0.23758099352051837,,,,0.22727272727272727,0.4732142857142857
Chicago,2022-05-01,0.2835695995557475,0.7091295116772823,0.8432138373552797,0.24601524601524602,0.6866288865063562,0.9698492462311558,0.5494202098288239,0.803302752293578,0.4264276781992497,,0.6944444444444444,0.5769230769230769,0.28077753779697623,,,,0.5,0.5535714285714286
Chicago,2022-06-01,0.19611510458443882,0.778131634819533,0.8330311061514856,0.19611919611919612,0.7684178281513249,0.8793969849246231,0.5737161789066814,0.8513761467889909,0.4739474781158816,,0.9166666666666666,0.47435897435897434,0.31101511879049676,,,,0.5909090909090909,0.6517857142857143
Chicago,2022-07-01,0.19318812858641327,0.8152866242038217,0.8153159436462547,0.19334719334719336,0.8734875172308164,0.9035175879396985,0.5969077857537273,0.9420183486238533,0.7303042934556065,,0.6111111111111112,0.5256410256410257,0.2678185745140389,,,,0.8181818181818182,0.5892857142857143
Chicago,2022-08-01,0.16558817177762694,0.7993630573248408,0.8143395173664388,0.22661122661122662,0.7955276458875785,0.8532663316582915,0.5869685256764219,0.9904587155963303,0.8770320967069613,,0.19444444444444445,0.5128205128205128,0.23758099352051837,,,,0.5454545454545454,0.6071428571428571
Chicago,2022-09-01,0.10720676251002653,0.9246284501061571,0.794392523364486,0.2072072072072072,0.7684178281513249,0.7949748743718593,0.5599116510215351,0.9566972477064221,1.0,,0.5277777777777778,0.6410256410256411,0.26997840172786175,,,,0.6818181818181818,0.6607142857142857
Chicago,2022-10-01,0.051285709878447584,0.7091295116772823,0.5147161389315107,0.15661815661815662,0.5388267728595497,0.5467336683417086,0.39260077305356156,0.7148623853211009,0.909128803668195,,0.3611111111111111,0.2948717948717949,0.19870410367170627,,,,0.3181818181818182,0.35714285714285715
Boston,2018-01-01,0.0,0.9576271186440678,0.7835820895522388,0.5231416549789621,0.7372188139059305,0.7156862745098039,0.7142857142857143,0.797752808988764,0.6493506493506493,0.684931506849315,0.2711864406779661,0.5,0.9063004846526656,0.6739130434782609,1.0,,,0.5384615384615384
Boston,2018-02-01,0.0,0.8983050847457628,0.654228855721393,0.5385694249649369,0.6359918200408998,0.6372549019607843,0.7662337662337663,0.702247191011236,0.4675324675324675,0.5123287671232877,0.4915254237288136,0.0,0.7495961227786753,0.7326086956521739,0.43902439024390244,,,0.38461538461538464
Boston,2018-03-01,0.0,0.7203389830508474,0.6840796019900498,0.5539971949509116,0.7341513292433538,0.5784313725490197,0.6948051948051948,0.8280898876404494,0.512987012987013,0.5506849315068493,0.4576271186440678,0.16666666666666666,0.8739903069466882,0.9804347826086957,0.5853658536585366,,,0.23076923076923078
Boston,2018-04-01,0.0,0.7203389830508474,0.7947761194029851,0.5371669004207573,0.7740286298568507,0.803921568627451,0.7402597402597403,0.7539325842696629,0.6103896103896104,0.6,0.3559322033898305,0.5,0.9046849757673667,0.9565217391304348,0.7804878048780488,,,0.38461538461538464
Boston,2018-05-01,0.0,0.864406779661017,1.0,0.573632538569425,0.8752556237218814,0.9313725490196079,0.8181818181818182,0.9573033707865168,0.7792207792207793,0.7178082191780822,0.3728813559322034,0.0,0.962843295638126,0.9652173913043478,0.7073170731707317,,,0.38461538461538464
Boston,2018-06-01,0.0,0.940677966101695,0.9490049751243781,0.5862552594670407,0.8384458077709611,1.0,1.0,1.0,1.0,0.8328767123287671,0.5932203389830508,0.6666666666666666,0.9176090468497576,0.9434782608695652,0.8292682926829268,,,0.38461538461538464
Boston,2018-07-01,0.0,0.8220338983050848,0.8967661691542289,0.6241234221598878,1.0,0.9803921568627451,0.8441558441558441,0.8910112359550562,0.9675324675324676,0.7780821917808219,0.5423728813559322,0.16666666666666666,0.9563812600969306,0.7913043478260869,0.6829268292682927,,,0.6153846153846154
Boston,2018-08-01,0.0,0.7627118644067796,0.7810945273631841,0.5553997194950911,0.9591002044989775,0.8235294117647058,0.7857142857142857,0.9146067415730337,0.8116883116883117,0.9397260273972603,0.7288135593220338,0.0,0.9337641357027464,1.0,0.8048780487804879,,,0.46153846153846156
Boston,2018-09-01,0.0,1.0,0.7997512437810945,0.6367461430575035,0.8660531697341514,0.7745098039215687,0.8376623376623377,0.852808988764045,0.974025974025974,0.6794520547945205,0.8813559322033898,0.3333333333333333,1.0,0.8847826086956522,0.7560975609756098,,,0.38461538461538464
Boston,2018-10-01,0.0,0.8050847457627118,0.8333333333333334,0.5469845722300141,0.9038854805725971,0.9411764705882353,0.6688311688311688,0.8853932584269663,0.7922077922077922,0.684931506849315,0.7288135593220338,0.16666666666666666,0.9450726978998385,0.8456521739130435,0.6585365853658537,,,0.7692307692307693
Boston,2018-11-01,0.0,0.6694915254237288,0.7189054726368159,0.5371669004207573,0.7811860940695297,0.7254901960784313,0.6948051948051948,0.8393258426966292,0.6493506493506493,0.7972602739726027,0.288135593220339,0.16666666666666666,0.7867528271405493,0.7065217391304348,0.7073170731707317,,,0.46153846153846156
Boston,2018-12-01,0.0,0.8135593220338984,0.7400497512437811,0.48667601683029454,0.83640081799591,0.7549019607843137,0.8766233766233766,0.7752808988764045,0.487012987012987,0.6164383561643836,0.3559322033898305,0.3333333333333333,0.8206785137318255,0.7217391304347827,0.5121951219512195,,,0.38461538461538464
Boston,2019-01-01,0.0,0.6186440677966102,0.6890547263681592,0.423562412342216,0.7096114519427403,0.6862745098039216,0.7597402597402597,0.7370786516853932,0.4805194805194805,0.5561643835616439,0.3050847457627119,0.16666666666666666,0.8190630048465266,0.6152173913043478,0.5609756097560976,,,0.15384615384615385
Boston,2019-02-01,0.0,0.4576271186440678,0.6604477611940298,0.37868162692847124,0.6339468302658486,0.3235294117647059,0.6818181818181818,0.601123595505618,0.34415584415584416,0.40821917808219177,0.3050847457627119,0.16666666666666666,0.7237479806138933,0.6086956521739131,0.3902439024390244,,,0.15384615384615385
Boston,2019-03-01,0.0,0.4661016949152542,0.8034825870646766,0.44460028050490885,0.6809815950920245,0.6666666666666666,0.6623376623376623,0.7662921348314606,0.4090909090909091,0.5041095890410959,0.4576271186440678,0.0,0.8416801292407108,0.7934782608695652,0.36585365853658536,,,0.07692307692307693
Boston,2019-04-01,0.0,0.4915254237288136,0.7723880597014925,0.42496493688639553,0.6850715746421268,0.5784313725490197,0.5194805194805194,0.7314606741573034,0.5324675324675324,0.5561643835616439,0.4915254237288136,0.0,0.8836833602584814,0.7913043478260869,0.4146341463414634,,,0.07692307692307693
Boston,2019-05-01,0.0,0.6779661016949152,0.900497512437811,0.44039270687237025,0.8087934560327198,0.7254901960784313,0.5194805194805194,0.802247191011236,0.5844155844155844,0.663013698630137,0.9152542372881356,0.5,0.8368336025848142,0.717391304347826,0.43902439024390244,,,0.23076923076923078
Boston,2019-06-01,0.0,0.7457627118644068,0.9365671641791045,0.41374474053295934,0.7914110429447853,0.7156862745098039,0.5974025974025974,0.702247191011236,0.7337662337662337,0.5780821917808219,0.9491525423728814,0.16666666666666666,0.938610662358643,0.8217391304347826,0.4146341463414634,,,0.38461538461538464
Boston,2019-07-01,0.0,0.9661016949152542,0.8942786069651741,0.3702664796633941,0.8752556237218814,0.8235294117647058,0.7532467532467533,0.8606741573033708,0.8376623376623377,0.7589041095890411,0.8135593220338984,0.3333333333333333,0.9693053311793215,0.6630434782608695,0.4878048780487805,,,0.23076923076923078
Boston,2019-08-01,0.0,0.8983050847457628,0.914179104477612,0.40392706872370265,0.9386503067484663,0.7352941176470589,0.9025974025974026,0.8977528089887641,0.8506493506493507,0.7753424657534247,1.0,0.16666666666666666,0.938610662358643,0.7630434782608696,0.5853658536585366,,,0.23076923076923078
Boston,2019-09-01,0.0,0.8305084745762712,0.8582089552238806,0.36044880785413747,0.9151329243353783,0.6862745098039216,0.8441558441558441,0.8382022471910112,0.8701298701298701,0.6547945205479452,0.3220338983050847,0.16666666666666666,0.8852988691437803,0.8934782608695652,0.4634146341463415,,,0.07692307692307693
Boston,2019-10-01,0.0,0.864406779661017,0.650497512437811,0.44600280504908835,0.8292433537832311,0.5980392156862745,0.7792207792207793,0.7348314606741573,0.7467532467532467,0.6465753424657534,0.5084745762711864,0.3333333333333333,0.40226171243941844,0.7782608695652173,0.6097560975609756,,,0.15384615384615385
Boston,2019-11-01,0.0,0.559322033898305,0.5261194029850746,0.3744740532959327,0.7300613496932515,0.5392156862745098,0.6623376623376623,0.7359550561797753,0.6948051948051948,0.5698630136986301,0.3220338983050847,0.16666666666666666,0.35218093699515346,0.7217391304347827,0.36585365853658536,,,0.15384615384615385
Boston,2019-12-01,0.0,0.635593220338983,0.5211442786069652,0.270687237026648,0.8251533742331288,0.4117647058823529,0.577922077922078,0.6134831460674157,0.6363636363636364,0.5698630136986301,0.11864406779661017,0.0,0.3408723747980614,0.7456521739130435,0.24390243902439024,,,0.07692307692307693
Boston,2020-01-01,1.7017511018838383e-05,0.7203389830508474,0.4925373134328358,0.3211781206171108,0.7259713701431493,0.5,0.6558441558441559,0.6134831460674157,0.5909090909090909,0.5808219178082191,0.2033898305084746,0.16666666666666666,0.36187399030694667,0.7282608695652174,0.36585365853658536,,,0.23076923076923078
Boston,2020-02-01,0.0,0.4915254237288136,0.4701492537313433,0.39270687237026647,0.6554192229038854,0.4019607843137255,0.5,0.597752808988764,0.551948051948052,0.536986301369863,0.1016949152542373,0.8333333333333334,0.32310177705977383,0.6304347826086957,0.2926829268292683,,,0.46153846153846156
Boston,2020-03-01,0.03345642666303626,0.6186440677966102,0.4253731343283582,0.20196353436185133,0.5623721881390593,0.3137254901960784,0.474025974025974,0.650561797752809,0.487012987012987,0.7287671232876712,0.1694915254237288,0.16666666666666666,0.35218093699515346,0.6326086956521739,0.36585365853658536,,,0.15384615384615385
Boston,2020-04-01,0.1973861103075064,0.711864406779661,0.2960199004975124,0.10799438990182328,0.5255623721881391,0.24509803921568626,0.3961038961038961,0.5685393258426966,0.7922077922077922,1.0,0.01694915254237288,0.6666666666666666,0.24394184168012925,0.2782608695652174,0.21951219512195122,,,0.07692307692307693
Boston,2020-05-01,0.07179687898847914,0.4067796610169492,0.43034825870646765,0.23422159887798036,0.5071574642126789,0.6274509803921569,0.2922077922077922,0.6797752808988764,0.6428571428571429,0.8,0.0847457627118644,0.0,0.3408723747980614,0.38913043478260867,0.3170731707317073,,,0.38461538461538464
Boston,2020-06-01,0.01822575430117591,0.6440677966101694,0.47388059701492535,0.1949509116409537,0.6196319018404908,0.7156862745098039,0.4805194805194805,0.801123595505618,0.935064935064935,0.6602739726027397,0.1694915254237288,1.0,0.4087237479806139,0.4673913043478261,0.5609756097560976,,,0.38461538461538464
Boston,2020-07-01,0.02244609703384783,0.635593220338983,0.5696517412935324,0.22720897615708274,0.7014314928425358,0.8137254901960784,0.461038961038961,0.7707865168539326,0.9415584415584416,0.6438356164383562,0.06779661016949153,0.3333333333333333,0.4345718901453958,0.5739130434782609,0.3170731707317073,,,1.0
Boston,2020-08-01,0.03691098139986046,0.559322033898305,0.5236318407960199,0.2244039270687237,0.7842535787321063,0.696078431372549,0.461038961038961,0.797752808988764,0.9415584415584416,0.7972602739726027,0.1016949152542373,0.6666666666666666,0.4458804523424879,0.782608695652174,0.4634146341463415,,,0.38461538461538464
Boston,2020-09-01,0.03633238602521995,0.576271186440678,0.5261194029850746,0.2917251051893408,0.7883435582822086,0.7745098039215687,0.538961038961039,0.7853932584269663,0.8831168831168831,0.8054794520547945,0.15254237288135594,0.5,0.40549273021001614,0.6565217391304348,0.6585365853658537,,,0.23076923076923078
Boston,2020-10-01,0.07440055817436142,0.6440677966101694,0.49129353233830847,0.3071528751753156,0.7321063394683026,0.6568627450980392,0.7207792207792207,0.7280898876404495,0.7467532467532467,0.8328767123287671,0.22033898305084745,0.6666666666666666,0.4087237479806139,0.6891304347826087,0.6341463414634146,,,0.23076923076923078
Boston,2020-11-01,0.13797797934074163,0.4661016949152542,0.38681592039800994,0.25105189340813466,0.6380368098159509,0.49019607843137253,0.45454545454545453,0.6775280898876405,0.6428571428571429,0.6410958904109589,0.05084745762711865,0.3333333333333333,0.34248788368336025,0.5434782608695652,0.21951219512195122,,,0.15384615384615385
Boston,2020-12-01,0.29945714139849905,0.4152542372881356,0.3482587064676617,0.21598877980364656,0.6288343558282209,0.5098039215686274,0.5064935064935064,0.6831460674157304,0.6883116883116883,0.6301369863013698,0.01694915254237288,0.5,0.4345718901453958,0.6195652173913043,0.2926829268292683,,,0.3076923076923077
Boston,2021-01-01,0.2899954052720249,0.4491525423728814,0.32960199004975127,0.25105189340813466,0.516359918200409,0.5784313725490197,0.4935064935064935,0.5640449438202247,0.512987012987013,0.5753424657534246,0.11864406779661017,0.3333333333333333,0.3925686591276252,0.5543478260869565,0.4146341463414634,,,0.3076923076923077
Boston,2021-02-01,0.1136769736058404,0.3813559322033898,0.31840796019900497,0.20196353436185133,0.4652351738241309,0.6176470588235294,0.38311688311688313,0.5528089887640449,0.5324675324675324,0.4301369863013699,0.06779661016949153,0.5,0.3602584814216478,0.6021739130434782,0.5121951219512195,,,0.15384615384615385
Boston,2021-03-01,0.10838452767898167,0.3220338983050847,0.42412935323383083,0.3281907433380084,0.5920245398773006,0.5686274509803921,0.43506493506493504,0.6865168539325842,0.577922077922078,0.4520547945205479,0.23728813559322035,0.5,0.37479806138933763,0.6413043478260869,0.4634146341463415,,,0.07692307692307693
Boston,2021-04-01,0.10593400609226894,0.423728813559322,0.38681592039800994,0.3225806451612903,0.5276073619631901,0.5686274509803921,0.461038961038961,0.7404494382022472,0.6038961038961039,0.4958904109589041,0.22033898305084745,0.16666666666666666,0.42326332794830374,0.5239130434782608,0.34146341463414637,,,0.15384615384615385
Boston,2021-05-01,0.031856780627265456,0.4576271186440678,0.5385572139303483,0.29873772791023845,0.5991820040899796,0.6470588235294118,0.2922077922077922,0.7865168539325843,0.7402597402597403,0.5643835616438356,0.2711864406779661,0.16666666666666666,0.4975767366720517,0.6456521739130435,0.4146341463414634,,,0.38461538461538464
Boston,2021-06-01,0.006858056940591869,0.7711864406779662,0.5373134328358209,0.3225806451612903,0.6574642126789366,0.6274509803921569,0.44805194805194803,0.7820224719101123,0.6883116883116883,0.6109589041095891,0.3050847457627119,0.3333333333333333,0.5024232633279483,0.7391304347826086,0.5609756097560976,,,0.15384615384615385
Boston,2021-07-01,0.022378026989772475,0.5254237288135594,0.5447761194029851,0.31136044880785413,0.696319018404908,0.7745098039215687,0.5584415584415584,0.7629213483146068,0.7012987012987013,0.6410958904109589,0.3559322033898305,0.3333333333333333,0.4297253634894992,0.6630434782608695,0.4146341463414634,,,0.07692307692307693
Boston,2021-08-01,0.07916546125963617,0.5932203389830508,0.4987562189054726,0.33099579242636745,0.7014314928425358,0.9313725490196079,0.3961038961038961,0.8539325842696629,0.8246753246753247,0.7178082191780822,0.3050847457627119,0.0,0.45395799676898224,0.8739130434782608,0.6341463414634146,,,0.46153846153846156
Boston,2021-09-01,0.08867824991916683,0.5,0.5024875621890548,0.3015427769985975,0.6748466257668712,0.5392156862745098,0.4155844155844156,0.7460674157303371,0.8246753246753247,0.6328767123287671,0.1864406779661017,0.6666666666666666,0.42164781906300486,0.8130434782608695,0.6097560975609756,,,0.07692307692307693
Boston,2021-10-01,0.05809778261831425,0.5338983050847458,0.5485074626865671,0.2608695652173913,0.6871165644171779,0.6764705882352942,0.3961038961038961,0.8067415730337079,0.9025974025974026,0.7123287671232876,0.11864406779661017,0.16666666666666666,0.4620355411954766,0.7913043478260869,0.4634146341463415,,,0.23076923076923078
Boston,2021-11-01,0.0916392968364447,0.4830508474576271,0.4054726368159204,0.18373071528751753,0.6451942740286298,0.4215686274509804,0.3051948051948052,0.6741573033707865,0.7077922077922078,0.5643835616438356,0.11864406779661017,0.3333333333333333,0.41033925686591277,0.6413043478260869,0.5365853658536586,,,0.15384615384615385
Boston,2021-12-01,0.4523424603917431,0.4576271186440678,0.3644278606965174,0.21739130434782608,0.588957055214724,0.5686274509803921,0.4935064935064935,0.6157303370786517,0.7597402597402597,0.5753424657534246,0.06779661016949153,0.3333333333333333,0.43134087237479807,0.5826086956521739,0.4146341463414634,,,0.07692307692307693
Boston,2022-01-01,1.0,0.4745762711864407,0.4191542288557214,0.814866760168303,0.5899795501022495,0.4411764705882353,0.3181818181818182,0.6269662921348315,0.7337662337662337,0.5506849315068493,0.1016949152542373,0.16666666666666666,0.3570274636510501,0.6956521739130435,0.6585365853658537,,,0.15384615384615385
Boston,2022-02-01,0.13294079607916545,0.2711864406779661,0.417910447761194,0.8541374474053296,0.5214723926380368,0.4803921568627451,0.2792207792207792,0.6191011235955056,0.7662337662337663,0.5917808219178082,0.05084745762711865,0.6666666666666666,0.4555735056542811,0.5869565217391305,0.5853658536585366,,,0.07692307692307693
Boston,2022-03-01,0.06633425795143202,0.3813559322033898,0.5099502487562189,0.9467040673211781,0.6492842535787321,0.5980392156862745,0.38311688311688313,0.6393258426966292,0.6038961038961039,0.5342465753424658,0.1694915254237288,0.3333333333333333,0.4781906300484653,0.717391304347826,0.5365853658536586,,,0.15384615384615385
Boston,2022-04-01,0.15899460544900704,0.4661016949152542,0.4975124378109453,0.9396914446002805,0.5920245398773006,0.7450980392156863,0.3051948051948052,0.6865168539325842,0.7207792207792207,0.6219178082191781,0.13559322033898305,0.16666666666666666,0.4168012924071082,0.6956521739130435,0.4146341463414634,,,0.38461538461538464
Boston,2022-05-01,0.2187430866361486,0.5423728813559322,0.5323383084577115,0.9284712482468443,0.6319018404907976,0.7450980392156863,0.43506493506493504,0.7202247191011236,0.7337662337662337,0.5452054794520548,0.05084745762711865,0.0,0.4798061389337641,0.7,0.5121951219512195,,,0.23076923076923078
Boston,2022-06-01,0.10496400796419515,0.5423728813559322,0.5286069651741293,1.0,0.65439672801636,0.7549019607843137,0.36363636363636365,0.7258426966292135,0.7272727272727273,0.5972602739726027,0.13559322033898305,0.5,0.481421647819063,0.6891304347826087,0.5853658536585366,,,0.15384615384615385
Boston,2022-07-01,0.07994826676650273,0.5423728813559322,0.5447761194029851,0.9130434782608695,0.7044989775051125,0.9705882352941176,0.4025974025974026,0.7539325842696629,0.9285714285714286,0.6273972602739726,0.13559322033898305,0.5,0.5218093699515347,0.6891304347826087,0.6097560975609756,,,0.3076923076923077
Boston,2022-08-01,0.06949951500093596,0.635593220338983,0.5149253731343284,0.8485273492286115,0.7494887525562373,0.8627450980392157,0.42857142857142855,0.701123595505618,0.7402597402597403,0.589041095890411,0.1694915254237288,0.0,0.4604200323101777,0.7804347826086957,0.5853658536585366,,,0.46153846153846156
Boston,2022-09-01,0.07472389088371935,0.5508474576271186,0.45149253731343286,0.8387096774193549,0.6707566462167689,0.6274509803921569,0.38311688311688313,0.6674157303370787,0.7792207792207793,0.4986301369863014,0.11864406779661017,0.6666666666666666,0.47334410339256866,0.741304347826087,0.5365853658536586,,,0.23076923076923078
Boston,2022-10-01,0.06633425795143202,0.4576271186440678,0.39427860696517414,0.8036465638148668,0.5695296523517382,0.5882352941176471,0.34415584415584416,0.6123595505617978,0.6428571428571429,0.4575342465753425,0.03389830508474576,0.3333333333333333,0.3570274636510501,0.6478260869565218,0.4634146341463415,,,0.46153846153846156
