city,date,daily_cases,total_cases
Boston,2020-01-22,0,0
Boston,2020-01-23,0,0
Boston,2020-01-24,0,0
Boston,2020-01-25,0,0
Boston,2020-01-26,0,0
Boston,2020-01-27,0,0
Boston,2020-01-28,0,0
Boston,2020-01-29,1,1
Boston,2020-01-30,0,1
Boston,2020-01-31,0,1
Boston,2020-02-01,0,1
Boston,2020-02-02,0,1
Boston,2020-02-03,0,1
Boston,2020-02-04,0,1
Boston,2020-02-05,0,1
Boston,2020-02-06,0,1
Boston,2020-02-07,0,1
Boston,2020-02-08,0,1
Boston,2020-02-09,0,1
Boston,2020-02-10,0,1
Boston,2020-02-11,0,1
Boston,2020-02-12,0,1
Boston,2020-02-13,0,1
Boston,2020-02-14,0,1
Boston,2020-02-15,0,1
Boston,2020-02-16,0,1
Boston,2020-02-17,0,1
Boston,2020-02-18,0,1
Boston,2020-02-19,0,1
Boston,2020-02-20,0,1
Boston,2020-02-21,0,1
Boston,2020-02-22,0,1
Boston,2020-02-23,0,1
Boston,2020-02-24,0,1
Boston,2020-02-25,0,1
Boston,2020-02-26,0,1
Boston,2020-02-27,0,1
Boston,2020-02-28,0,1
Boston,2020-02-29,0,1
Boston,2020-03-01,0,1
Boston,2020-03-02,0,1
Boston,2020-03-03,0,1
Boston,2020-03-04,2,3
Boston,2020-03-05,1,4
Boston,2020-03-06,5,9
Boston,2020-03-07,8,17
Boston,2020-03-08,3,20
Boston,2020-03-09,0,20
Boston,2020-03-10,2,22
Boston,2020-03-11,5,27
Boston,2020-03-12,5,32
Boston,2020-03-13,13,45
Boston,2020-03-14,14,59
Boston,2020-03-15,15,74
Boston,2020-03-16,43,117
Boston,2020-03-17,53,170
Boston,2020-03-18,58,228
Boston,2020-03-19,60,288
Boston,2020-03-20,80,368
Boston,2020-03-21,61,429
Boston,2020-03-22,48,477
Boston,2020-03-23,113,590
Boston,2020-03-24,124,714
Boston,2020-03-25,146,860
Boston,2020-03-26,170,1030
Boston,2020-03-27,174,1204
Boston,2020-03-28,153,1357
Boston,2020-03-29,118,1475
Boston,2020-03-30,226,1701
Boston,2020-03-31,266,1967
Boston,2020-04-01,288,2255
Boston,2020-04-02,276,2531
Boston,2020-04-03,397,2928
Boston,2020-04-04,209,3137
Boston,2020-04-05,253,3390
Boston,2020-04-06,413,3803
Boston,2020-04-07,402,4205
Boston,2020-04-08,413,4618
Boston,2020-04-09,442,5060
Boston,2020-04-10,397,5457
Boston,2020-04-11,263,5720
Boston,2020-04-12,204,5924
Boston,2020-04-13,482,6406
Boston,2020-04-14,580,6986
Boston,2020-04-15,470,7456
Boston,2020-04-16,480,7936
Boston,2020-04-17,649,8585
Boston,2020-04-18,274,8859
Boston,2020-04-19,249,9108
Boston,2020-04-20,538,9646
Boston,2020-04-21,514,10160
Boston,2020-04-22,537,10697
Boston,2020-04-23,518,11215
Boston,2020-04-24,494,11709
Boston,2020-04-25,267,11976
Boston,2020-04-26,150,12126
Boston,2020-04-27,342,12468
Boston,2020-04-28,390,12858
Boston,2020-04-29,360,13218
Boston,2020-04-30,348,13566
Boston,2020-05-01,308,13874
Boston,2020-05-02,164,14038
Boston,2020-05-03,155,14193
Boston,2020-05-04,290,14483
Boston,2020-05-05,281,14764
Boston,2020-05-06,288,15052
Boston,2020-05-07,258,15310
Boston,2020-05-08,193,15503
Boston,2020-05-09,104,15607
Boston,2020-05-10,60,15667
Boston,2020-05-11,168,15835
Boston,2020-05-12,194,16029
Boston,2020-05-13,166,16195
Boston,2020-05-14,148,16343
Boston,2020-05-15,155,16498
Boston,2020-05-16,88,16586
Boston,2020-05-17,48,16634
Boston,2020-05-18,132,16766
Boston,2020-05-19,135,16901
Boston,2020-05-20,119,17020
Boston,2020-05-21,119,17139
Boston,2020-05-22,104,17243
Boston,2020-05-23,66,17309
Boston,2020-05-24,38,17347
Boston,2020-05-25,29,17376
Boston,2020-05-26,119,17495
Boston,2020-05-27,84,17579
Boston,2020-05-28,83,17662
Boston,2020-05-29,60,17722
Boston,2020-05-30,42,17764
Boston,2020-05-31,21,17785
Boston,2020-06-01,69,17854
Boston,2020-06-02,68,17922
Boston,2020-06-03,42,17964
Boston,2020-06-04,78,18042
Boston,2020-06-05,38,18080
Boston,2020-06-06,38,18118
Boston,2020-06-07,16,18134
Boston,2020-06-08,56,18190
Boston,2020-06-09,57,18247
Boston,2020-06-10,31,18278
Boston,2020-06-11,40,18318
Boston,2020-06-12,43,18361
Boston,2020-06-13,17,18378
Boston,2020-06-14,7,18385
Boston,2020-06-15,36,18421
Boston,2020-06-16,35,18456
Boston,2020-06-17,40,18496
Boston,2020-06-18,30,18526
Boston,2020-06-19,26,18552
Boston,2020-06-20,19,18571
Boston,2020-06-21,6,18577
Boston,2020-06-22,42,18619
Boston,2020-06-23,31,18650
Boston,2020-06-24,32,18682
Boston,2020-06-25,34,18716
Boston,2020-06-26,35,18751
Boston,2020-06-27,24,18775
Boston,2020-06-28,6,18781
Boston,2020-06-29,36,18817
Boston,2020-06-30,39,18856
Boston,2020-07-01,40,18896
Boston,2020-07-02,54,18950
Boston,2020-07-03,11,18961
Boston,2020-07-04,9,18970
Boston,2020-07-05,20,18990
Boston,2020-07-06,54,19044
Boston,2020-07-07,46,19090
Boston,2020-07-08,51,19141
Boston,2020-07-09,44,19185
Boston,2020-07-10,57,19242
Boston,2020-07-11,14,19256
Boston,2020-07-12,11,19267
Boston,2020-07-13,62,19329
Boston,2020-07-14,38,19367
Boston,2020-07-15,69,19436
Boston,2020-07-16,45,19481
Boston,2020-07-17,40,19521
Boston,2020-07-18,27,19548
Boston,2020-07-19,8,19556
Boston,2020-07-20,38,19594
Boston,2020-07-21,46,19640
Boston,2020-07-22,49,19689
Boston,2020-07-23,42,19731
Boston,2020-07-24,42,19773
Boston,2020-07-25,36,19809
Boston,2020-07-26,13,19822
Boston,2020-07-27,62,19884
Boston,2020-07-28,78,19962
Boston,2020-07-29,73,20035
Boston,2020-07-30,77,20112
Boston,2020-07-31,63,20175
Boston,2020-08-01,37,20212
Boston,2020-08-02,16,20228
Boston,2020-08-03,74,20302
Boston,2020-08-04,65,20367
Boston,2020-08-05,78,20445
Boston,2020-08-06,93,20538
Boston,2020-08-07,66,20604
Boston,2020-08-08,41,20645
Boston,2020-08-09,20,20665
Boston,2020-08-10,100,20765
Boston,2020-08-11,85,20850
Boston,2020-08-12,76,20926
Boston,2020-08-13,112,21038
Boston,2020-08-14,90,21128
Boston,2020-08-15,33,21161
Boston,2020-08-16,25,21186
Boston,2020-08-17,114,21300
Boston,2020-08-18,125,21425
Boston,2020-08-19,82,21507
Boston,2020-08-20,96,21603
Boston,2020-08-21,70,21673
Boston,2020-08-22,41,21714
Boston,2020-08-23,15,21729
Boston,2020-08-24,102,21831
Boston,2020-08-25,86,21917
Boston,2020-08-26,90,22007
Boston,2020-08-27,72,22079
Boston,2020-08-28,86,22165
Boston,2020-08-29,51,22216
Boston,2020-08-30,26,22242
Boston,2020-08-31,102,22344
Boston,2020-09-01,93,22437
Boston,2020-09-02,106,22543
Boston,2020-09-03,50,22593
Boston,2020-09-04,-64,22529
Boston,2020-09-05,94,22623
Boston,2020-09-06,74,22697
Boston,2020-09-07,59,22756
Boston,2020-09-08,32,22788
Boston,2020-09-09,43,22831
Boston,2020-09-10,89,22920
Boston,2020-09-11,108,23028
Boston,2020-09-12,102,23130
Boston,2020-09-13,64,23194
Boston,2020-09-14,42,23236
Boston,2020-09-15,70,23306
Boston,2020-09-16,65,23371
Boston,2020-09-17,93,23464
Boston,2020-09-18,88,23552
Boston,2020-09-19,122,23674
Boston,2020-09-20,67,23741
Boston,2020-09-21,57,23798
Boston,2020-09-22,24,23822
Boston,2020-09-23,69,23891
Boston,2020-09-24,97,23988
Boston,2020-09-25,101,24089
Boston,2020-09-26,88,24177
Boston,2020-09-27,104,24281
Boston,2020-09-28,79,24360
Boston,2020-09-29,66,24426
Boston,2020-09-30,53,24479
Boston,2020-10-01,143,24622
Boston,2020-10-02,142,24764
Boston,2020-10-03,107,24871
Boston,2020-10-04,116,24987
Boston,2020-10-05,65,25052
Boston,2020-10-06,65,25117
Boston,2020-10-07,83,25200
Boston,2020-10-08,73,25273
Boston,2020-10-09,109,25382
Boston,2020-10-10,115,25497
Boston,2020-10-11,65,25562
Boston,2020-10-12,140,25702
Boston,2020-10-13,122,25824
Boston,2020-10-14,72,25896
Boston,2020-10-15,116,26012
Boston,2020-10-16,148,26160
Boston,2020-10-17,90,26250
Boston,2020-10-18,133,26383
Boston,2020-10-19,163,26546
Boston,2020-10-20,117,26663
Boston,2020-10-21,124,26787
Boston,2020-10-22,167,26954
Boston,2020-10-23,226,27180
Boston,2020-10-24,166,27346
Boston,2020-10-25,225,27571
Boston,2020-10-26,252,27823
Boston,2020-10-27,169,27992
Boston,2020-10-28,160,28152
Boston,2020-10-29,248,28400
Boston,2020-10-30,260,28660
Boston,2020-10-31,191,28851
Boston,2020-11-01,180,29031
Boston,2020-11-02,135,29166
Boston,2020-11-03,103,29269
Boston,2020-11-04,205,29474
Boston,2020-11-05,252,29726
Boston,2020-11-06,336,30062
Boston,2020-11-07,297,30359
Boston,2020-11-08,318,30677
Boston,2020-11-09,180,30857
Boston,2020-11-10,301,31158
Boston,2020-11-11,296,31454
Boston,2020-11-12,337,31791
Boston,2020-11-13,397,32188
Boston,2020-11-14,373,32561
Boston,2020-11-15,231,32792
Boston,2020-11-16,314,33106
Boston,2020-11-17,260,33366
Boston,2020-11-18,329,33695
Boston,2020-11-19,299,33994
Boston,2020-11-20,276,34270
Boston,2020-11-21,314,34584
Boston,2020-11-22,286,34870
Boston,2020-11-23,254,35124
Boston,2020-11-24,238,35362
Boston,2020-11-25,325,35687
Boston,2020-11-26,0,35687
Boston,2020-11-27,589,36276
Boston,2020-11-28,240,36516
Boston,2020-11-29,320,36836
Boston,2020-11-30,123,36959
Boston,2020-12-01,359,37318
Boston,2020-12-02,503,37821
Boston,2020-12-03,827,38648
Boston,2020-12-04,712,39360
Boston,2020-12-05,685,40045
Boston,2020-12-06,601,40646
Boston,2020-12-07,336,40982
Boston,2020-12-08,505,41487
Boston,2020-12-09,549,42036
Boston,2020-12-10,631,42667
Boston,2020-12-11,729,43396
Boston,2020-12-12,590,43986
Boston,2020-12-13,645,44631
Boston,2020-12-14,557,45188
Boston,2020-12-15,454,45642
Boston,2020-12-16,723,46365
Boston,2020-12-17,648,47013
Boston,2020-12-18,688,47701
Boston,2020-12-19,480,48181
Boston,2020-12-20,473,48654
Boston,2020-12-21,428,49082
Boston,2020-12-22,436,49518
Boston,2020-12-23,514,50032
Boston,2020-12-24,621,50653
Boston,2020-12-25,0,50653
Boston,2020-12-26,1010,51663
Boston,2020-12-27,416,52079
Boston,2020-12-28,519,52598
Boston,2020-12-29,448,53046
Boston,2020-12-30,649,53695
Boston,2020-12-31,861,54556
Boston,2021-01-01,0,54556
Boston,2021-01-02,1019,55575
Boston,2021-01-03,350,55925
Boston,2021-01-04,506,56431
Boston,2021-01-05,480,56911
Boston,2021-01-06,831,57742
Boston,2021-01-07,929,58671
Boston,2021-01-08,969,59640
Boston,2021-01-09,862,60502
Boston,2021-01-10,676,61178
Boston,2021-01-11,544,61722
Boston,2021-01-12,519,62241
Boston,2021-01-13,575,62816
Boston,2021-01-14,656,63472
Boston,2021-01-15,686,64158
Boston,2021-01-16,709,64867
Boston,2021-01-17,531,65398
Boston,2021-01-18,406,65804
Boston,2021-01-19,262,66066
Boston,2021-01-20,400,66466
Boston,2021-01-21,538,67004
Boston,2021-01-22,725,67729
Boston,2021-01-23,497,68226
Boston,2021-01-24,573,68799
Boston,2021-01-25,464,69263
Boston,2021-01-26,217,69480
Boston,2021-01-27,402,69882
Boston,2021-01-28,516,70398
Boston,2021-01-29,314,70712
Boston,2021-01-30,547,71259
Boston,2021-01-31,338,71597
Boston,2021-02-01,272,71869
Boston,2021-02-02,193,72062
Boston,2021-02-03,225,72287
Boston,2021-02-04,341,72628
Boston,2021-02-05,388,73016
Boston,2021-02-06,377,73393
Boston,2021-02-07,395,73788
Boston,2021-02-08,164,73952
Boston,2021-02-09,146,74098
Boston,2021-02-10,231,74329
Boston,2021-02-11,339,74668
Boston,2021-02-12,276,74944
Boston,2021-02-13,246,75190
Boston,2021-02-14,245,75435
Boston,2021-02-15,202,75637
Boston,2021-02-16,106,75743
Boston,2021-02-17,133,75876
Boston,2021-02-18,259,76135
Boston,2021-02-19,232,76367
Boston,2021-02-20,253,76620
Boston,2021-02-21,167,76787
Boston,2021-02-22,157,76944
Boston,2021-02-23,127,77071
Boston,2021-02-24,245,77316
Boston,2021-02-25,253,77569
Boston,2021-02-26,262,77831
Boston,2021-02-27,233,78064
Boston,2021-02-28,213,78277
Boston,2021-03-01,208,78485
Boston,2021-03-02,-17,78468
Boston,2021-03-03,237,78705
Boston,2021-03-04,217,78922
Boston,2021-03-05,278,79200
Boston,2021-03-06,220,79420
Boston,2021-03-07,177,79597
Boston,2021-03-08,127,79724
Boston,2021-03-09,111,79835
Boston,2021-03-10,191,80026
Boston,2021-03-11,205,80231
Boston,2021-03-12,219,80450
Boston,2021-03-13,205,80655
Boston,2021-03-14,231,80886
Boston,2021-03-15,116,81002
Boston,2021-03-16,90,81092
Boston,2021-03-17,201,81293
Boston,2021-03-18,226,81519
Boston,2021-03-19,238,81757
Boston,2021-03-20,237,81994
Boston,2021-03-21,211,82205
Boston,2021-03-22,154,82359
Boston,2021-03-23,115,82474
Boston,2021-03-24,216,82690
Boston,2021-03-25,333,83023
Boston,2021-03-26,338,83361
Boston,2021-03-27,343,83704
Boston,2021-03-28,258,83962
Boston,2021-03-29,226,84188
Boston,2021-03-30,211,84399
Boston,2021-03-31,247,84646
Boston,2021-04-01,390,85036
Boston,2021-04-02,370,85406
Boston,2021-04-03,330,85736
Boston,2021-04-04,0,85736
Boston,2021-04-05,408,86144
Boston,2021-04-06,221,86365
Boston,2021-04-07,334,86699
Boston,2021-04-08,258,86957
Boston,2021-04-09,317,87274
Boston,2021-04-10,309,87583
Boston,2021-04-11,199,87782
Boston,2021-04-12,183,87965
Boston,2021-04-13,151,88116
Boston,2021-04-14,224,88340
Boston,2021-04-15,248,88588
Boston,2021-04-16,232,88820
Boston,2021-04-17,230,89050
Boston,2021-04-18,163,89213
Boston,2021-04-19,166,89379
Boston,2021-04-20,63,89442
Boston,2021-04-21,163,89605
Boston,2021-04-22,179,89784
Boston,2021-04-23,173,89957
Boston,2021-04-24,154,90111
Boston,2021-04-25,134,90245
Boston,2021-04-26,111,90356
Boston,2021-04-27,92,90448
Boston,2021-04-28,137,90585
Boston,2021-04-29,151,90736
Boston,2021-04-30,135,90871
Boston,2021-05-01,117,90988
Boston,2021-05-02,99,91087
Boston,2021-05-03,51,91138
Boston,2021-05-04,78,91216
Boston,2021-05-05,105,91321
Boston,2021-05-06,118,91439
Boston,2021-05-07,106,91545
Boston,2021-05-08,105,91650
Boston,2021-05-09,77,91727
Boston,2021-05-10,40,91767
Boston,2021-05-11,25,91792
Boston,2021-05-12,118,91910
Boston,2021-05-13,87,91997
Boston,2021-05-14,38,92035
Boston,2021-05-15,102,92137
Boston,2021-05-16,55,92192
Boston,2021-05-17,36,92228
Boston,2021-05-18,36,92264
Boston,2021-05-19,49,92313
Boston,2021-05-20,65,92378
Boston,2021-05-21,58,92436
Boston,2021-05-22,63,92499
Boston,2021-05-23,30,92529
Boston,2021-05-24,27,92556
Boston,2021-05-25,15,92571
Boston,2021-05-26,54,92625
Boston,2021-05-27,34,92659
Boston,2021-05-28,46,92705
Boston,2021-05-29,30,92735
Boston,2021-05-30,8,92743
Boston,2021-05-31,0,92743
Boston,2021-06-01,20,92763
Boston,2021-06-02,6,92769
Boston,2021-06-03,31,92800
Boston,2021-06-04,31,92831
Boston,2021-06-05,35,92866
Boston,2021-06-06,28,92894
Boston,2021-06-07,23,92917
Boston,2021-06-08,8,92925
Boston,2021-06-09,23,92948
Boston,2021-06-10,10,92958
Boston,2021-06-11,25,92983
Boston,2021-06-12,6,92989
Boston,2021-06-13,2,92991
Boston,2021-06-14,11,93002
Boston,2021-06-15,9,93011
Boston,2021-06-16,8,93019
Boston,2021-06-17,9,93028
Boston,2021-06-18,11,93039
Boston,2021-06-19,12,93051
Boston,2021-06-20,6,93057
Boston,2021-06-21,3,93060
Boston,2021-06-22,8,93068
Boston,2021-06-23,10,93078
Boston,2021-06-24,13,93091
Boston,2021-06-25,11,93102
Boston,2021-06-26,12,93114
Boston,2021-06-27,5,93119
Boston,2021-06-28,9,93128
Boston,2021-06-29,6,93134
Boston,2021-06-30,12,93146
Boston,2021-07-01,13,93159
Boston,2021-07-02,13,93172
Boston,2021-07-03,0,93172
Boston,2021-07-04,0,93172
Boston,2021-07-05,0,93172
Boston,2021-07-06,27,93199
Boston,2021-07-07,7,93206
Boston,2021-07-08,12,93218
Boston,2021-07-09,21,93239
Boston,2021-07-10,0,93239
Boston,2021-07-11,0,93239
Boston,2021-07-12,52,93291
Boston,2021-07-13,31,93322
Boston,2021-07-14,36,93358
Boston,2021-07-15,41,93399
Boston,2021-07-16,55,93454
Boston,2021-07-17,0,93454
Boston,2021-07-18,0,93454
Boston,2021-07-19,114,93568
Boston,2021-07-20,52,93620
Boston,2021-07-21,68,93688
Boston,2021-07-22,79,93767
Boston,2021-07-23,100,93867
Boston,2021-07-24,0,93867
Boston,2021-07-25,0,93867
Boston,2021-07-26,202,94069
Boston,2021-07-27,85,94154
Boston,2021-07-28,84,94238
Boston,2021-07-29,98,94336
Boston,2021-07-30,125,94461
Boston,2021-07-31,0,94461
Boston,2021-08-01,0,94461
Boston,2021-08-02,296,94757
Boston,2021-08-03,114,94871
Boston,2021-08-04,137,95008
Boston,2021-08-05,177,95185
Boston,2021-08-06,149,95334
Boston,2021-08-07,0,95334
Boston,2021-08-08,0,95334
Boston,2021-08-09,360,95694
Boston,2021-08-10,147,95841
Boston,2021-08-11,158,95999
Boston,2021-08-12,181,96180
Boston,2021-08-13,155,96335
Boston,2021-08-14,0,96335
Boston,2021-08-15,0,96335
Boston,2021-08-16,375,96710
Boston,2021-08-17,117,96827
Boston,2021-08-18,158,96985
Boston,2021-08-19,205,97190
Boston,2021-08-20,206,97396
Boston,2021-08-21,0,97396
Boston,2021-08-22,0,97396
Boston,2021-08-23,396,97792
Boston,2021-08-24,130,97922
Boston,2021-08-25,146,98068
Boston,2021-08-26,229,98297
Boston,2021-08-27,174,98471
Boston,2021-08-28,0,98471
Boston,2021-08-29,0,98471
Boston,2021-08-30,474,98945
Boston,2021-08-31,168,99113
Boston,2021-09-01,192,99305
Boston,2021-09-02,180,99485
Boston,2021-09-03,214,99699
Boston,2021-09-04,0,99699
Boston,2021-09-05,0,99699
Boston,2021-09-06,0,99699
Boston,2021-09-07,583,100282
Boston,2021-09-08,104,100386
Boston,2021-09-09,227,100613
Boston,2021-09-10,199,100812
Boston,2021-09-11,0,100812
Boston,2021-09-12,0,100812
Boston,2021-09-13,655,101467
Boston,2021-09-14,167,101634
Boston,2021-09-15,280,101914
Boston,2021-09-16,236,102150
Boston,2021-09-17,216,102366
Boston,2021-09-18,0,102366
Boston,2021-09-19,0,102366
Boston,2021-09-20,519,102885
Boston,2021-09-21,117,103002
Boston,2021-09-22,168,103170
Boston,2021-09-23,180,103350
Boston,2021-09-24,184,103534
Boston,2021-09-25,0,103534
Boston,2021-09-26,0,103534
Boston,2021-09-27,417,103951
Boston,2021-09-28,110,104061
Boston,2021-09-29,121,104182
Boston,2021-09-30,142,104324
Boston,2021-10-01,143,104467
Boston,2021-10-02,0,104467
Boston,2021-10-03,0,104467
Boston,2021-10-04,333,104800
Boston,2021-10-05,128,104928
Boston,2021-10-06,118,105046
Boston,2021-10-07,158,105204
Boston,2021-10-08,152,105356
Boston,2021-10-09,0,105356
Boston,2021-10-10,0,105356
Boston,2021-10-11,0,105356
Boston,2021-10-12,422,105778
Boston,2021-10-13,111,105889
Boston,2021-10-14,160,106049
Boston,2021-10-15,119,106168
Boston,2021-10-16,0,106168
Boston,2021-10-17,0,106168
Boston,2021-10-18,288,106456
Boston,2021-10-19,156,106612
Boston,2021-10-20,99,106711
Boston,2021-10-21,140,106851
Boston,2021-10-22,127,106978
Boston,2021-10-23,0,106978
Boston,2021-10-24,0,106978
Boston,2021-10-25,234,107212
Boston,2021-10-26,145,107357
Boston,2021-10-27,104,107461
Boston,2021-10-28,0,107461
Boston,2021-10-29,277,107738
Boston,2021-10-30,0,107738
Boston,2021-10-31,0,107738
Boston,2021-11-01,331,108069
Boston,2021-11-02,88,108157
Boston,2021-11-03,80,108237
Boston,2021-11-04,188,108425
Boston,2021-11-05,190,108615
Boston,2021-11-06,0,108615
Boston,2021-11-07,0,108615
Boston,2021-11-08,368,108983
Boston,2021-11-09,118,109101
Boston,2021-11-10,130,109231
Boston,2021-11-11,0,109231
Boston,2021-11-12,378,109609
Boston,2021-11-13,0,109609
Boston,2021-11-14,0,109609
Boston,2021-11-15,486,110095
Boston,2021-11-16,138,110233
Boston,2021-11-17,222,110455
Boston,2021-11-18,309,110764
Boston,2021-11-19,273,111037
Boston,2021-11-20,0,111037
Boston,2021-11-21,0,111037
Boston,2021-11-22,624,111661
Boston,2021-11-23,152,111813
Boston,2021-11-24,232,112045
Boston,2021-11-25,0,112045
Boston,2021-11-26,445,112490
Boston,2021-11-27,0,112490
Boston,2021-11-28,0,112490
Boston,2021-11-29,425,112915
Boston,2021-11-30,208,113123
Boston,2021-12-01,346,113469
Boston,2021-12-02,456,113925
Boston,2021-12-03,470,114395
Boston,2021-12-04,0,114395
Boston,2021-12-05,0,114395
Boston,2021-12-06,1039,115434
Boston,2021-12-07,440,115874
Boston,2021-12-08,451,116325
Boston,2021-12-09,486,116811
Boston,2021-12-10,509,117320
Boston,2021-12-11,0,117320
Boston,2021-12-12,0,117320
Boston,2021-12-13,1064,118384
Boston,2021-12-14,332,118716
Boston,2021-12-15,532,119248
Boston,2021-12-16,806,120054
Boston,2021-12-17,766,120820
Boston,2021-12-18,0,120820
Boston,2021-12-19,0,120820
Boston,2021-12-20,1801,122621
Boston,2021-12-21,831,123452
Boston,2021-12-22,1133,124585
Boston,2021-12-23,1393,125978
Boston,2021-12-24,1649,127627
Boston,2021-12-25,0,127627
Boston,2021-12-26,0,127627
Boston,2021-12-27,2082,129709
Boston,2021-12-28,1242,130951
Boston,2021-12-29,2354,133305
Boston,2021-12-30,3231,136536
Boston,2021-12-31,3168,139704
Boston,2022-01-01,0,139704
Boston,2022-01-02,0,139704
Boston,2022-01-03,5432,145136
Boston,2022-01-04,2127,147263
Boston,2022-01-05,3783,151046
Boston,2022-01-06,3545,154591
Boston,2022-01-07,4407,158998
Boston,2022-01-08,0,158998
Boston,2022-01-09,0,158998
Boston,2022-01-10,9022,168020
Boston,2022-01-11,2747,170767
Boston,2022-01-12,3153,173920
Boston,2022-01-13,2283,176203
Boston,2022-01-14,1765,177968
Boston,2022-01-15,0,177968
Boston,2022-01-16,0,177968
Boston,2022-01-17,0,177968
Boston,2022-01-18,7251,185219
Boston,2022-01-19,1702,186921
Boston,2022-01-20,1714,188635
Boston,2022-01-21,1807,190442
Boston,2022-01-22,0,190442
Boston,2022-01-23,0,190442
Boston,2022-01-24,2911,193353
Boston,2022-01-25,911,194264
Boston,2022-01-26,846,195110
Boston,2022-01-27,1034,196144
Boston,2022-01-28,881,197025
Boston,2022-01-29,0,197025
Boston,2022-01-30,0,197025
Boston,2022-01-31,1442,198467
Boston,2022-02-01,354,198821
Boston,2022-02-02,545,199366
Boston,2022-02-03,702,200068
Boston,2022-02-04,565,200633
Boston,2022-02-05,0,200633
Boston,2022-02-06,0,200633
Boston,2022-02-07,978,201611
Boston,2022-02-08,182,201793
Boston,2022-02-09,367,202160
Boston,2022-02-10,322,202482
Boston,2022-02-11,403,202885
Boston,2022-02-12,0,202885
Boston,2022-02-13,0,202885
Boston,2022-02-14,665,203550
Boston,2022-02-15,172,203722
Boston,2022-02-16,182,203904
Boston,2022-02-17,328,204232
Boston,2022-02-18,400,204632
Boston,2022-02-19,0,204632
Boston,2022-02-20,0,204632
Boston,2022-02-21,0,204632
Boston,2022-02-22,742,205374
Boston,2022-02-23,165,205539
Boston,2022-02-24,220,205759
Boston,2022-02-25,309,206068
Boston,2022-02-26,0,206068
Boston,2022-02-27,0,206068
Boston,2022-02-28,211,206279
Boston,2022-03-01,228,206507
Boston,2022-03-02,128,206635
Boston,2022-03-03,167,206802
Boston,2022-03-04,133,206935
Boston,2022-03-05,0,206935
Boston,2022-03-06,0,206935
Boston,2022-03-07,287,207222
Boston,2022-03-08,65,207287
Boston,2022-03-09,102,207389
Boston,2022-03-10,118,207507
Boston,2022-03-11,93,207600
Boston,2022-03-12,0,207600
Boston,2022-03-13,0,207600
Boston,2022-03-14,293,207893
Boston,2022-03-15,46,207939
Boston,2022-03-16,111,208050
Boston,2022-03-17,140,208190
Boston,2022-03-18,96,208286
Boston,2022-03-19,0,208286
Boston,2022-03-20,0,208286
Boston,2022-03-21,180,208466
Boston,2022-03-22,130,208596
Boston,2022-03-23,151,208747
Boston,2022-03-24,165,208912
Boston,2022-03-25,213,209125
Boston,2022-03-26,0,209125
Boston,2022-03-27,0,209125
Boston,2022-03-28,442,209567
Boston,2022-03-29,127,209694
Boston,2022-03-30,203,209897
Boston,2022-03-31,280,210177
Boston,2022-04-01,335,210512
Boston,2022-04-02,0,210512
Boston,2022-04-03,0,210512
Boston,2022-04-04,549,211061
Boston,2022-04-05,168,211229
Boston,2022-04-06,206,211435
Boston,2022-04-07,329,211764
Boston,2022-04-08,310,212074
Boston,2022-04-09,0,212074
Boston,2022-04-10,0,212074
Boston,2022-04-11,648,212722
Boston,2022-04-12,321,213043
Boston,2022-04-13,282,213325
Boston,2022-04-14,515,213840
Boston,2022-04-15,516,214356
Boston,2022-04-16,0,214356
Boston,2022-04-17,0,214356
Boston,2022-04-18,0,214356
Boston,2022-04-19,1019,215375
Boston,2022-04-20,231,215606
Boston,2022-04-21,471,216077
Boston,2022-04-22,530,216607
Boston,2022-04-23,0,216607
Boston,2022-04-24,0,216607
Boston,2022-04-25,821,217428
Boston,2022-04-26,518,217946
Boston,2022-04-27,392,218338
Boston,2022-04-28,626,218964
Boston,2022-04-29,556,219520
Boston,2022-04-30,0,219520
Boston,2022-05-01,0,219520
Boston,2022-05-02,839,220359
Boston,2022-05-03,490,220849
Boston,2022-05-04,454,221303
Boston,2022-05-05,769,222072
Boston,2022-05-06,621,222693
Boston,2022-05-07,0,222693
Boston,2022-05-08,0,222693
Boston,2022-05-09,1034,223727
Boston,2022-05-10,433,224160
Boston,2022-05-11,532,224692
Boston,2022-05-12,727,225419
Boston,2022-05-13,598,226017
Boston,2022-05-14,0,226017
Boston,2022-05-15,0,226017
Boston,2022-05-16,1126,227143
Boston,2022-05-17,381,227524
Boston,2022-05-18,508,228032
Boston,2022-05-19,722,228754
Boston,2022-05-20,493,229247
Boston,2022-05-21,0,229247
Boston,2022-05-22,0,229247
Boston,2022-05-23,875,230122
Boston,2022-05-24,314,230436
Boston,2022-05-25,323,230759
Boston,2022-05-26,486,231245
Boston,2022-05-27,405,231650
Boston,2022-05-28,0,231650
Boston,2022-05-29,0,231650
Boston,2022-05-30,0,231650
Boston,2022-05-31,724,232374
Boston,2022-06-01,193,232567
Boston,2022-06-02,336,232903
Boston,2022-06-03,407,233310
Boston,2022-06-04,0,233310
Boston,2022-06-05,0,233310
Boston,2022-06-06,664,233974
Boston,2022-06-07,267,234241
Boston,2022-06-08,242,234483
Boston,2022-06-09,282,234765
Boston,2022-06-10,297,235062
Boston,2022-06-11,0,235062
Boston,2022-06-12,0,235062
Boston,2022-06-13,458,235520
Boston,2022-06-14,167,235687
Boston,2022-06-15,216,235903
Boston,2022-06-16,261,236164
Boston,2022-06-17,240,236404
Boston,2022-06-18,0,236404
Boston,2022-06-19,0,236404
Boston,2022-06-20,0,236404
Boston,2022-06-21,504,236908
Boston,2022-06-22,179,237087
Boston,2022-06-23,260,237347
Boston,2022-06-24,213,237560
Boston,2022-06-25,0,237560
Boston,2022-06-26,0,237560
Boston,2022-06-27,430,237990
Boston,2022-06-28,144,238134
Boston,2022-06-29,173,238307
Boston,2022-06-30,235,238542
Boston,2022-07-01,209,238751
Boston,2022-07-02,0,238751
Boston,2022-07-03,0,238751
Boston,2022-07-04,0,238751
Boston,2022-07-05,452,239203
Boston,2022-07-06,125,239328
Boston,2022-07-07,209,239537
Boston,2022-07-08,255,239792
Boston,2022-07-09,0,239792
Boston,2022-07-10,0,239792
Boston,2022-07-11,0,239792
Boston,2022-07-12,0,239792
Boston,2022-07-13,0,239792
Boston,2022-07-14,907,240699
Boston,2022-07-15,0,240699
Boston,2022-07-16,0,240699
Boston,2022-07-17,0,240699
Boston,2022-07-18,0,240699
Boston,2022-07-19,0,240699
Boston,2022-07-20,0,240699
Boston,2022-07-21,1322,242021
Boston,2022-07-22,0,242021
Boston,2022-07-23,0,242021
Boston,2022-07-24,0,242021
Boston,2022-07-25,0,242021
Boston,2022-07-26,0,242021
Boston,2022-07-27,0,242021
Boston,2022-07-28,1219,243240
Boston,2022-07-29,0,243240
Boston,2022-07-30,0,243240
Boston,2022-07-31,0,243240
Boston,2022-08-01,0,243240
Boston,2022-08-02,0,243240
Boston,2022-08-03,0,243240
Boston,2022-08-04,1178,244418
Boston,2022-08-05,0,244418
Boston,2022-08-06,0,244418
Boston,2022-08-07,0,244418
Boston,2022-08-08,0,244418
Boston,2022-08-09,0,244418
Boston,2022-08-10,0,244418
Boston,2022-08-11,1110,245528
Boston,2022-08-12,0,245528
Boston,2022-08-13,0,245528
Boston,2022-08-14,0,245528
Boston,2022-08-15,0,245528
Boston,2022-08-16,0,245528
Boston,2022-08-17,0,245528
Boston,2022-08-18,929,246457
Boston,2022-08-19,0,246457
Boston,2022-08-20,0,246457
Boston,2022-08-21,0,246457
Boston,2022-08-22,0,246457
Boston,2022-08-23,0,246457
Boston,2022-08-24,0,246457
Boston,2022-08-25,867,247324
Boston,2022-08-26,0,247324
Boston,2022-08-27,0,247324
Boston,2022-08-28,0,247324
Boston,2022-08-29,0,247324
Boston,2022-08-30,0,247324
Boston,2022-08-31,0,247324
Boston,2022-09-01,788,248112
Boston,2022-09-02,0,248112
Boston,2022-09-03,0,248112
Boston,2022-09-04,0,248112
Boston,2022-09-05,0,248112
Boston,2022-09-06,0,248112
Boston,2022-09-07,0,248112
Boston,2022-09-08,754,248866
Boston,2022-09-09,0,248866
Boston,2022-09-10,0,248866
Boston,2022-09-11,0,248866
Boston,2022-09-12,0,248866
Boston,2022-09-13,0,248866
Boston,2022-09-14,0,248866
Boston,2022-09-15,849,249715
Boston,2022-09-16,0,249715
Boston,2022-09-17,0,249715
Boston,2022-09-18,0,249715
Boston,2022-09-19,0,249715
Boston,2022-09-20,0,249715
Boston,2022-09-21,0,249715
Boston,2022-09-22,1000,250715
Boston,2022-09-23,0,250715
Boston,2022-09-24,0,250715
Boston,2022-09-25,0,250715
Boston,2022-09-26,0,250715
Boston,2022-09-27,0,250715
Boston,2022-09-28,0,250715
Boston,2022-09-29,1000,251715
Boston,2022-09-30,0,251715
Boston,2022-10-01,0,251715
Boston,2022-10-02,0,251715
Boston,2022-10-03,0,251715
Boston,2022-10-04,0,251715
Boston,2022-10-05,0,251715
Boston,2022-10-06,1020,252735
Boston,2022-10-07,0,252735
Boston,2022-10-08,0,252735
Boston,2022-10-09,0,252735
Boston,2022-10-10,0,252735
Boston,2022-10-11,0,252735
Boston,2022-10-12,0,252735
Boston,2022-10-13,735,253470
Boston,2022-10-14,0,253470
Boston,2022-10-15,0,253470
Boston,2022-10-16,0,253470
Boston,2022-10-17,0,253470
Boston,2022-10-18,0,253470
Boston,2022-10-19,0,253470
Boston,2022-10-20,717,254187
Boston,2022-10-21,0,254187
Boston,2022-10-22,0,254187
Boston,2022-10-23,0,254187
Boston,2022-10-24,0,254187
Boston,2022-10-25,0,254187
Boston,2022-10-26,0,254187
Boston,2022-10-27,1426,255613
Boston,2022-10-28,0,255613
Boston,2022-10-29,0,255613
Boston,2022-10-30,0,255613
Chicago,2020-01-22,0,0
Chicago,2020-01-23,0,0
Chicago,2020-01-24,1,1
Chicago,2020-01-25,0,1
Chicago,2020-01-26,0,1
Chicago,2020-01-27,0,1
Chicago,2020-01-28,0,1
Chicago,2020-01-29,0,1
Chicago,2020-01-30,0,1
Chicago,2020-01-31,1,2
Chicago,2020-02-01,0,2
Chicago,2020-02-02,0,2
Chicago,2020-02-03,0,2
Chicago,2020-02-04,0,2
Chicago,2020-02-05,0,2
Chicago,2020-02-06,0,2
Chicago,2020-02-07,0,2
Chicago,2020-02-08,0,2
Chicago,2020-02-09,0,2
Chicago,2020-02-10,0,2
Chicago,2020-02-11,0,2
Chicago,2020-02-12,0,2
Chicago,2020-02-13,0,2
Chicago,2020-02-14,0,2
Chicago,2020-02-15,0,2
Chicago,2020-02-16,0,2
Chicago,2020-02-17,0,2
Chicago,2020-02-18,0,2
Chicago,2020-02-19,0,2
Chicago,2020-02-20,0,2
Chicago,2020-02-21,0,2
Chicago,2020-02-22,0,2
Chicago,2020-02-23,0,2
Chicago,2020-02-24,0,2
Chicago,2020-02-25,0,2
Chicago,2020-02-26,0,2
Chicago,2020-02-27,0,2
Chicago,2020-02-28,0,2
Chicago,2020-02-29,0,2
Chicago,2020-03-01,1,3
Chicago,2020-03-02,1,4
Chicago,2020-03-03,0,4
Chicago,2020-03-04,0,4
Chicago,2020-03-05,1,5
Chicago,2020-03-06,0,5
Chicago,2020-03-07,1,6
Chicago,2020-03-08,1,7
Chicago,2020-03-09,0,7
Chicago,2020-03-10,4,11
Chicago,2020-03-11,11,22
Chicago,2020-03-12,5,27
Chicago,2020-03-13,13,40
Chicago,2020-03-14,10,50
Chicago,2020-03-15,0,50
Chicago,2020-03-16,12,62
Chicago,2020-03-17,45,107
Chicago,2020-03-18,71,178
Chicago,2020-03-19,100,278
Chicago,2020-03-20,0,278
Chicago,2020-03-21,270,548
Chicago,2020-03-22,257,805
Chicago,2020-03-23,117,922
Chicago,2020-03-24,272,1194
Chicago,2020-03-25,224,1418
Chicago,2020-03-26,0,1418
Chicago,2020-03-27,821,2239
Chicago,2020-03-28,374,2613
Chicago,2020-03-29,832,3445
Chicago,2020-03-30,282,3727
Chicago,2020-03-31,769,4496
Chicago,2020-04-01,656,5152
Chicago,2020-04-02,423,5575
Chicago,2020-04-03,536,6111
Chicago,2020-04-04,1328,7439
Chicago,2020-04-05,595,8034
Chicago,2020-04-06,694,8728
Chicago,2020-04-07,781,9509
Chicago,2020-04-08,1011,10520
Chicago,2020-04-09,895,11415
Chicago,2020-04-10,1057,12472
Chicago,2020-04-11,945,13417
Chicago,2020-04-12,1168,14585
Chicago,2020-04-13,889,15474
Chicago,2020-04-14,849,16323
Chicago,2020-04-15,983,17306
Chicago,2020-04-16,781,18087
Chicago,2020-04-17,1304,19391
Chicago,2020-04-18,1004,20395
Chicago,2020-04-19,877,21272
Chicago,2020-04-20,829,22101
Chicago,2020-04-21,1080,23181
Chicago,2020-04-22,1365,24546
Chicago,2020-04-23,1265,25811
Chicago,2020-04-24,1805,27616
Chicago,2020-04-25,1442,29058
Chicago,2020-04-26,1516,30574
Chicago,2020-04-27,1379,31953
Chicago,2020-04-28,1496,33449
Chicago,2020-04-29,1431,34880
Chicago,2020-04-30,1633,36513
Chicago,2020-05-01,2155,38668
Chicago,2020-05-02,1559,40227
Chicago,2020-05-03,2097,42324
Chicago,2020-05-04,1391,43715
Chicago,2020-05-05,1508,45223
Chicago,2020-05-06,1466,46689
Chicago,2020-05-07,1652,48341
Chicago,2020-05-08,1895,50236
Chicago,2020-05-09,1438,51674
Chicago,2020-05-10,981,52655
Chicago,2020-05-11,726,53381
Chicago,2020-05-12,2089,55470
Chicago,2020-05-13,936,56406
Chicago,2020-05-14,2051,58457
Chicago,2020-05-15,1448,59905
Chicago,2020-05-16,1307,61212
Chicago,2020-05-17,1006,62218
Chicago,2020-05-18,1472,63690
Chicago,2020-05-19,1001,64691
Chicago,2020-05-20,1522,66213
Chicago,2020-05-21,1338,67551
Chicago,2020-05-22,1398,68949
Chicago,2020-05-23,1468,70417
Chicago,2020-05-24,1593,72010
Chicago,2020-05-25,1087,73097
Chicago,2020-05-26,722,73819
Chicago,2020-05-27,702,74521
Chicago,2020-05-28,785,75306
Chicago,2020-05-29,960,76266
Chicago,2020-05-30,853,77119
Chicago,2020-05-31,806,77925
Chicago,2020-06-01,570,78495
Chicago,2020-06-02,1178,79673
Chicago,2020-06-03,531,80204
Chicago,2020-06-04,509,80713
Chicago,2020-06-05,631,81344
Chicago,2020-06-06,580,81924
Chicago,2020-06-07,503,82427
Chicago,2020-06-08,392,82819
Chicago,2020-06-09,452,83271
Chicago,2020-06-10,314,83585
Chicago,2020-06-11,393,83978
Chicago,2020-06-12,271,84249
Chicago,2020-06-13,332,84581
Chicago,2020-06-14,325,84906
Chicago,2020-06-15,278,85184
Chicago,2020-06-16,354,85538
Chicago,2020-06-17,320,85858
Chicago,2020-06-18,321,86179
Chicago,2020-06-19,372,86551
Chicago,2020-06-20,334,86885
Chicago,2020-06-21,292,87177
Chicago,2020-06-22,247,87424
Chicago,2020-06-23,360,87784
Chicago,2020-06-24,354,88138
Chicago,2020-06-25,512,88650
Chicago,2020-06-26,418,89068
Chicago,2020-06-27,339,89407
Chicago,2020-06-28,348,89755
Chicago,2020-06-29,367,90122
Chicago,2020-06-30,414,90536
Chicago,2020-07-01,375,90911
Chicago,2020-07-02,470,91381
Chicago,2020-07-03,393,91774
Chicago,2020-07-04,466,92240
Chicago,2020-07-05,292,92532
Chicago,2020-07-06,249,92781
Chicago,2020-07-07,272,93053
Chicago,2020-07-08,443,93496
Chicago,2020-07-09,509,94005
Chicago,2020-07-10,600,94605
Chicago,2020-07-11,533,95138
Chicago,2020-07-12,419,95557
Chicago,2020-07-13,327,95884
Chicago,2020-07-14,302,96186
Chicago,2020-07-15,476,96662
Chicago,2020-07-16,552,97214
Chicago,2020-07-17,576,97790
Chicago,2020-07-18,502,98292
Chicago,2020-07-19,378,98670
Chicago,2020-07-20,382,99052
Chicago,2020-07-21,412,99464
Chicago,2020-07-22,660,100124
Chicago,2020-07-23,671,100795
Chicago,2020-07-24,616,101411
Chicago,2020-07-25,544,101955
Chicago,2020-07-26,628,102583
Chicago,2020-07-27,425,103008
Chicago,2020-07-28,433,103441
Chicago,2020-07-29,560,104001
Chicago,2020-07-30,686,104687
Chicago,2020-07-31,806,105493
Chicago,2020-08-01,638,106131
Chicago,2020-08-02,582,106713
Chicago,2020-08-03,534,107247
Chicago,2020-08-04,497,107744
Chicago,2020-08-05,681,108425
Chicago,2020-08-06,725,109150
Chicago,2020-08-07,852,110002
Chicago,2020-08-08,863,110865
Chicago,2020-08-09,582,111447
Chicago,2020-08-10,501,111948
Chicago,2020-08-11,536,112484
Chicago,2020-08-12,560,113044
Chicago,2020-08-13,744,113788
Chicago,2020-08-14,936,114724
Chicago,2020-08-15,620,115344
Chicago,2020-08-16,616,115960
Chicago,2020-08-17,660,116620
Chicago,2020-08-18,551,117171
Chicago,2020-08-19,841,118012
Chicago,2020-08-20,745,118757
Chicago,2020-08-21,887,119644
Chicago,2020-08-22,923,120567
Chicago,2020-08-23,741,121308
Chicago,2020-08-24,569,121877
Chicago,2020-08-25,546,122423
Chicago,2020-08-26,749,123172
Chicago,2020-08-27,519,123691
Chicago,2020-08-28,882,124573
Chicago,2020-08-29,551,125124
Chicago,2020-08-30,879,126003
Chicago,2020-08-31,574,126577
Chicago,2020-09-01,415,126992
Chicago,2020-09-02,624,127616
Chicago,2020-09-03,396,128012
Chicago,2020-09-04,1533,129545
Chicago,2020-09-05,1071,130616
Chicago,2020-09-06,462,131078
Chicago,2020-09-07,544,131622
Chicago,2020-09-08,450,132072
Chicago,2020-09-09,329,132401
Chicago,2020-09-10,562,132963
Chicago,2020-09-11,723,133686
Chicago,2020-09-12,666,134352
Chicago,2020-09-13,449,134801
Chicago,2020-09-14,473,135274
Chicago,2020-09-15,416,135690
Chicago,2020-09-16,556,136246
Chicago,2020-09-17,747,136993
Chicago,2020-09-18,587,137580
Chicago,2020-09-19,996,138576
Chicago,2020-09-20,512,139088
Chicago,2020-09-21,495,139583
Chicago,2020-09-22,495,140078
Chicago,2020-09-23,545,140623
Chicago,2020-09-24,807,141430
Chicago,2020-09-25,785,142215
Chicago,2020-09-26,869,143084
Chicago,2020-09-27,550,143634
Chicago,2020-09-28,681,144315
Chicago,2020-09-29,382,144697
Chicago,2020-09-30,765,145462
Chicago,2020-10-01,690,146152
Chicago,2020-10-02,765,146917
Chicago,2020-10-03,924,147841
Chicago,2020-10-04,540,148381
Chicago,2020-10-05,746,149127
Chicago,2020-10-06,461,149588
Chicago,2020-10-07,812,150400
Chicago,2020-10-08,1070,151470
Chicago,2020-10-09,917,152387
Chicago,2020-10-10,1127,153514
Chicago,2020-10-11,1005,154519
Chicago,2020-10-12,1048,155567
Chicago,2020-10-13,1159,156726
Chicago,2020-10-14,847,157573
Chicago,2020-10-15,1462,159035
Chicago,2020-10-16,1610,160645
Chicago,2020-10-17,1575,162220
Chicago,2020-10-18,1692,163912
Chicago,2020-10-19,1286,165198
Chicago,2020-10-20,1259,166457
Chicago,2020-10-21,1682,168139
Chicago,2020-10-22,1900,170039
Chicago,2020-10-23,1398,171437
Chicago,2020-10-24,2380,173817
Chicago,2020-10-25,1769,175586
Chicago,2020-10-26,1879,177465
Chicago,2020-10-27,1367,178832
Chicago,2020-10-28,2276,181108
Chicago,2020-10-29,2541,183649
Chicago,2020-10-30,2756,186405
Chicago,2020-10-31,3255,189660
Chicago,2020-11-01,3442,193102
Chicago,2020-11-02,2638,195740
Chicago,2020-11-03,2444,198184
Chicago,2020-11-04,2992,201176
Chicago,2020-11-05,3801,204977
Chicago,2020-11-06,5289,210266
Chicago,2020-11-07,4658,214924
Chicago,2020-11-08,3738,218662
Chicago,2020-11-09,4448,223110
Chicago,2020-11-10,4315,227425
Chicago,2020-11-11,4037,231462
Chicago,2020-11-12,5255,236717
Chicago,2020-11-13,5945,242662
Chicago,2020-11-14,3730,246392
Chicago,2020-11-15,4709,251101
Chicago,2020-11-16,4507,255608
Chicago,2020-11-17,4396,260004
Chicago,2020-11-18,2425,262429
Chicago,2020-11-19,5855,268284
Chicago,2020-11-20,4449,272733
Chicago,2020-11-21,4293,277026
Chicago,2020-11-22,3870,280896
Chicago,2020-11-23,3321,284217
Chicago,2020-11-24,2907,287124
Chicago,2020-11-25,4188,291312
Chicago,2020-11-26,4817,296129
Chicago,2020-11-27,2741,298870
Chicago,2020-11-28,2712,301582
Chicago,2020-11-29,2638,304220
Chicago,2020-11-30,2149,306369
Chicago,2020-12-01,4353,310722
Chicago,2020-12-02,3412,314134
Chicago,2020-12-03,4190,318324
Chicago,2020-12-04,3798,322122
Chicago,2020-12-05,3691,325813
Chicago,2020-12-06,3190,329003
Chicago,2020-12-07,3690,332693
Chicago,2020-12-08,2511,335204
Chicago,2020-12-09,2889,338093
Chicago,2020-12-10,4561,342654
Chicago,2020-12-11,3350,346004
Chicago,2020-12-12,3457,349461
Chicago,2020-12-13,2948,352409
Chicago,2020-12-14,3058,355467
Chicago,2020-12-15,2547,358014
Chicago,2020-12-16,2103,360117
Chicago,2020-12-17,3144,363261
Chicago,2020-12-18,2759,366020
Chicago,2020-12-19,2804,368824
Chicago,2020-12-20,2264,371088
Chicago,2020-12-21,1920,373008
Chicago,2020-12-22,2352,375360
Chicago,2020-12-23,2349,377709
Chicago,2020-12-24,2387,380096
Chicago,2020-12-25,2117,382213
Chicago,2020-12-26,1267,383480
Chicago,2020-12-27,1451,384931
Chicago,2020-12-28,1538,386469
Chicago,2020-12-29,1917,388386
Chicago,2020-12-30,2541,390927
Chicago,2020-12-31,2725,393652
Chicago,2021-01-01,0,393652
Chicago,2021-01-02,4290,397942
Chicago,2021-01-03,1667,399609
Chicago,2021-01-04,1848,401457
Chicago,2021-01-05,2530,403987
Chicago,2021-01-06,2687,406674
Chicago,2021-01-07,3331,410005
Chicago,2021-01-08,3499,413504
Chicago,2021-01-09,2487,415991
Chicago,2021-01-10,1799,417790
Chicago,2021-01-11,1681,419471
Chicago,2021-01-12,2688,422159
Chicago,2021-01-13,2058,424217
Chicago,2021-01-14,2441,426658
Chicago,2021-01-15,2612,429270
Chicago,2021-01-16,2115,431385
Chicago,2021-01-17,1704,433089
Chicago,2021-01-18,1252,434341
Chicago,2021-01-19,1547,435888
Chicago,2021-01-20,1577,437465
Chicago,2021-01-21,1653,439118
Chicago,2021-01-22,2539,441657
Chicago,2021-01-23,1943,443600
Chicago,2021-01-24,1327,444927
Chicago,2021-01-25,1108,446035
Chicago,2021-01-26,1260,447295
Chicago,2021-01-27,1251,448546
Chicago,2021-01-28,1570,450116
Chicago,2021-01-29,1465,451581
Chicago,2021-01-30,1161,452742
Chicago,2021-01-31,892,453634
Chicago,2021-02-01,851,454485
Chicago,2021-02-02,653,455138
Chicago,2021-02-03,1006,456144
Chicago,2021-02-04,1141,457285
Chicago,2021-02-05,1315,458600
Chicago,2021-02-06,1140,459740
Chicago,2021-02-07,814,460554
Chicago,2021-02-08,564,461118
Chicago,2021-02-09,639,461757
Chicago,2021-02-10,910,462667
Chicago,2021-02-11,914,463581
Chicago,2021-02-12,992,464573
Chicago,2021-02-13,768,465341
Chicago,2021-02-14,573,465914
Chicago,2021-02-15,508,466422
Chicago,2021-02-16,448,466870
Chicago,2021-02-17,554,467424
Chicago,2021-02-18,562,467986
Chicago,2021-02-19,704,468690
Chicago,2021-02-20,689,469379
Chicago,2021-02-21,556,469935
Chicago,2021-02-22,456,470391
Chicago,2021-02-23,542,470933
Chicago,2021-02-24,752,471685
Chicago,2021-02-25,521,472206
Chicago,2021-02-26,988,473194
Chicago,2021-02-27,750,473944
Chicago,2021-02-28,453,474397
Chicago,2021-03-01,488,474885
Chicago,2021-03-02,501,475386
Chicago,2021-03-03,708,476094
Chicago,2021-03-04,741,476835
Chicago,2021-03-05,546,477381
Chicago,2021-03-06,1117,478498
Chicago,2021-03-07,386,478884
Chicago,2021-03-08,477,479361
Chicago,2021-03-09,552,479913
Chicago,2021-03-10,574,480487
Chicago,2021-03-11,614,481101
Chicago,2021-03-12,686,481787
Chicago,2021-03-13,637,482424
Chicago,2021-03-14,549,482973
Chicago,2021-03-15,309,483282
Chicago,2021-03-16,864,484146
Chicago,2021-03-17,573,484719
Chicago,2021-03-18,1052,485771
Chicago,2021-03-19,959,486730
Chicago,2021-03-20,872,487602
Chicago,2021-03-21,647,488249
Chicago,2021-03-22,544,488793
Chicago,2021-03-23,691,489484
Chicago,2021-03-24,1177,490661
Chicago,2021-03-25,851,491512
Chicago,2021-03-26,1325,492837
Chicago,2021-03-27,1131,493968
Chicago,2021-03-28,1082,495050
Chicago,2021-03-29,808,495858
Chicago,2021-03-30,998,496856
Chicago,2021-03-31,1029,497885
Chicago,2021-04-01,1544,499429
Chicago,2021-04-02,1485,500914
Chicago,2021-04-03,1293,502207
Chicago,2021-04-04,962,503169
Chicago,2021-04-05,1034,504203
Chicago,2021-04-06,1177,505380
Chicago,2021-04-07,1448,506828
Chicago,2021-04-08,1598,508426
Chicago,2021-04-09,1580,510006
Chicago,2021-04-10,1620,511626
Chicago,2021-04-11,1147,512773
Chicago,2021-04-12,1115,513888
Chicago,2021-04-13,1187,515075
Chicago,2021-04-14,1324,516399
Chicago,2021-04-15,1409,517808
Chicago,2021-04-16,1566,519374
Chicago,2021-04-17,1268,520642
Chicago,2021-04-18,1052,521694
Chicago,2021-04-19,858,522552
Chicago,2021-04-20,1046,523598
Chicago,2021-04-21,994,524592
Chicago,2021-04-22,1262,525854
Chicago,2021-04-23,1248,527102
Chicago,2021-04-24,1235,528337
Chicago,2021-04-25,828,529165
Chicago,2021-04-26,838,530003
Chicago,2021-04-27,972,530975
Chicago,2021-04-28,931,531906
Chicago,2021-04-29,1391,533297
Chicago,2021-04-30,1165,534462
Chicago,2021-05-01,1152,535614
Chicago,2021-05-02,770,536384
Chicago,2021-05-03,840,537224
Chicago,2021-05-04,871,538095
Chicago,2021-05-05,910,539005
Chicago,2021-05-06,640,539645
Chicago,2021-05-07,1372,541017
Chicago,2021-05-08,675,541692
Chicago,2021-05-09,758,542450
Chicago,2021-05-10,661,543111
Chicago,2021-05-11,547,543658
Chicago,2021-05-12,621,544279
Chicago,2021-05-13,762,545041
Chicago,2021-05-14,744,545785
Chicago,2021-05-15,575,546360
Chicago,2021-05-16,548,546908
Chicago,2021-05-17,437,547345
Chicago,2021-05-18,577,547922
Chicago,2021-05-19,620,548542
Chicago,2021-05-20,663,549205
Chicago,2021-05-21,681,549886
Chicago,2021-05-22,510,550396
Chicago,2021-05-23,444,550840
Chicago,2021-05-24,471,551311
Chicago,2021-05-25,298,551609
Chicago,2021-05-26,446,552055
Chicago,2021-05-27,411,552466
Chicago,2021-05-28,435,552901
Chicago,2021-05-29,290,553191
Chicago,2021-05-30,283,553474
Chicago,2021-05-31,242,553716
Chicago,2021-06-01,210,553926
Chicago,2021-06-02,198,554124
Chicago,2021-06-03,266,554390
Chicago,2021-06-04,214,554604
Chicago,2021-06-05,209,554813
Chicago,2021-06-06,149,554962
Chicago,2021-06-07,98,555060
Chicago,2021-06-08,135,555195
Chicago,2021-06-09,149,555344
Chicago,2021-06-10,144,555488
Chicago,2021-06-11,158,555646
Chicago,2021-06-12,88,555734
Chicago,2021-06-13,116,555850
Chicago,2021-06-14,52,555902
Chicago,2021-06-15,74,555976
Chicago,2021-06-16,131,556107
Chicago,2021-06-17,72,556179
Chicago,2021-06-18,22,556201
Chicago,2021-06-19,0,556201
Chicago,2021-06-20,0,556201
Chicago,2021-06-21,228,556429
Chicago,2021-06-22,58,556487
Chicago,2021-06-23,69,556556
Chicago,2021-06-24,73,556629
Chicago,2021-06-25,86,556715
Chicago,2021-06-26,0,556715
Chicago,2021-06-27,0,556715
Chicago,2021-06-28,170,556885
Chicago,2021-06-29,66,556951
Chicago,2021-06-30,50,557001
Chicago,2021-07-01,123,557124
Chicago,2021-07-02,49,557173
Chicago,2021-07-03,0,557173
Chicago,2021-07-04,0,557173
Chicago,2021-07-05,0,557173
Chicago,2021-07-06,325,557498
Chicago,2021-07-07,92,557590
Chicago,2021-07-08,150,557740
Chicago,2021-07-09,182,557922
Chicago,2021-07-10,0,557922
Chicago,2021-07-11,0,557922
Chicago,2021-07-12,364,558286
Chicago,2021-07-13,108,558394
Chicago,2021-07-14,169,558563
Chicago,2021-07-15,218,558781
Chicago,2021-07-16,147,558928
Chicago,2021-07-17,0,558928
Chicago,2021-07-18,0,558928
Chicago,2021-07-19,839,559767
Chicago,2021-07-20,117,559884
Chicago,2021-07-21,271,560155
Chicago,2021-07-22,520,560675
Chicago,2021-07-23,493,561168
Chicago,2021-07-24,0,561168
Chicago,2021-07-25,0,561168
Chicago,2021-07-26,1048,562216
Chicago,2021-07-27,324,562540
Chicago,2021-07-28,544,563084
Chicago,2021-07-29,368,563452
Chicago,2021-07-30,639,564091
Chicago,2021-07-31,0,564091
Chicago,2021-08-01,0,564091
Chicago,2021-08-02,1689,565780
Chicago,2021-08-03,686,566466
Chicago,2021-08-04,519,566985
Chicago,2021-08-05,887,567872
Chicago,2021-08-06,950,568822
Chicago,2021-08-07,0,568822
Chicago,2021-08-08,0,568822
Chicago,2021-08-09,2190,571012
Chicago,2021-08-10,681,571693
Chicago,2021-08-11,1033,572726
Chicago,2021-08-12,719,573445
Chicago,2021-08-13,871,574316
Chicago,2021-08-14,0,574316
Chicago,2021-08-15,0,574316
Chicago,2021-08-16,2871,577187
Chicago,2021-08-17,828,578015
Chicago,2021-08-18,892,578907
Chicago,2021-08-19,809,579716
Chicago,2021-08-20,1311,581027
Chicago,2021-08-21,0,581027
Chicago,2021-08-22,0,581027
Chicago,2021-08-23,2652,583679
Chicago,2021-08-24,780,584459
Chicago,2021-08-25,1153,585612
Chicago,2021-08-26,1075,586687
Chicago,2021-08-27,1412,588099
Chicago,2021-08-28,0,588099
Chicago,2021-08-29,0,588099
Chicago,2021-08-30,2726,590825
Chicago,2021-08-31,1225,592050
Chicago,2021-09-01,1169,593219
Chicago,2021-09-02,1031,594250
Chicago,2021-09-03,1611,595861
Chicago,2021-09-04,0,595861
Chicago,2021-09-05,0,595861
Chicago,2021-09-06,0,595861
Chicago,2021-09-07,3240,599101
Chicago,2021-09-08,1021,600122
Chicago,2021-09-09,1116,601238
Chicago,2021-09-10,1410,602648
Chicago,2021-09-11,0,602648
Chicago,2021-09-12,0,602648
Chicago,2021-09-13,2413,605061
Chicago,2021-09-14,1205,606266
Chicago,2021-09-15,1000,607266
Chicago,2021-09-16,1117,608383
Chicago,2021-09-17,993,609376
Chicago,2021-09-18,0,609376
Chicago,2021-09-19,0,609376
Chicago,2021-09-20,2476,611852
Chicago,2021-09-21,758,612610
Chicago,2021-09-22,939,613549
Chicago,2021-09-23,938,614487
Chicago,2021-09-24,949,615436
Chicago,2021-09-25,0,615436
Chicago,2021-09-26,0,615436
Chicago,2021-09-27,1924,617360
Chicago,2021-09-28,486,617846
Chicago,2021-09-29,764,618610
Chicago,2021-09-30,966,619576
Chicago,2021-10-01,1026,620602
Chicago,2021-10-02,0,620602
Chicago,2021-10-03,0,620602
Chicago,2021-10-04,2282,622884
Chicago,2021-10-05,866,623750
Chicago,2021-10-06,807,624557
Chicago,2021-10-07,1090,625647
Chicago,2021-10-08,828,626475
Chicago,2021-10-09,0,626475
Chicago,2021-10-10,0,626475
Chicago,2021-10-11,0,626475
Chicago,2021-10-12,2504,628979
Chicago,2021-10-13,855,629834
Chicago,2021-10-14,708,630542
Chicago,2021-10-15,719,631261
Chicago,2021-10-16,0,631261
Chicago,2021-10-17,0,631261
Chicago,2021-10-18,1937,633198
Chicago,2021-10-19,692,633890
Chicago,2021-10-20,793,634683
Chicago,2021-10-21,690,635373
Chicago,2021-10-22,888,636261
Chicago,2021-10-23,0,636261
Chicago,2021-10-24,0,636261
Chicago,2021-10-25,1940,638201
Chicago,2021-10-26,682,638883
Chicago,2021-10-27,564,639447
Chicago,2021-10-28,887,640334
Chicago,2021-10-29,934,641268
Chicago,2021-10-30,0,641268
Chicago,2021-10-31,0,641268
Chicago,2021-11-01,2244,643512
Chicago,2021-11-02,743,644255
Chicago,2021-11-03,362,644617
Chicago,2021-11-04,1391,646008
Chicago,2021-11-05,914,646922
Chicago,2021-11-06,0,646922
Chicago,2021-11-07,0,646922
Chicago,2021-11-08,2485,649407
Chicago,2021-11-09,551,649958
Chicago,2021-11-10,1514,651472
Chicago,2021-11-11,0,651472
Chicago,2021-11-12,2725,654197
Chicago,2021-11-13,0,654197
Chicago,2021-11-14,0,654197
Chicago,2021-11-15,2839,657036
Chicago,2021-11-16,803,657839
Chicago,2021-11-17,1618,659457
Chicago,2021-11-18,1721,661178
Chicago,2021-11-19,1838,663016
Chicago,2021-11-20,0,663016
Chicago,2021-11-21,0,663016
Chicago,2021-11-22,3784,666800
Chicago,2021-11-23,1446,668246
Chicago,2021-11-24,1397,669643
Chicago,2021-11-25,0,669643
Chicago,2021-11-26,0,669643
Chicago,2021-11-27,0,669643
Chicago,2021-11-28,0,669643
Chicago,2021-11-29,6320,675963
Chicago,2021-11-30,1384,677347
Chicago,2021-12-01,1534,678881
Chicago,2021-12-02,3604,682485
Chicago,2021-12-03,2341,684826
Chicago,2021-12-04,0,684826
Chicago,2021-12-05,0,684826
Chicago,2021-12-06,6015,690841
Chicago,2021-12-07,1754,692595
Chicago,2021-12-08,1728,694323
Chicago,2021-12-09,2841,697164
Chicago,2021-12-10,2208,699372
Chicago,2021-12-11,0,699372
Chicago,2021-12-12,0,699372
Chicago,2021-12-13,6787,706159
Chicago,2021-12-14,2304,708463
Chicago,2021-12-15,3473,711936
Chicago,2021-12-16,4739,716675
Chicago,2021-12-17,4633,721308
Chicago,2021-12-18,0,721308
Chicago,2021-12-19,0,721308
Chicago,2021-12-20,15636,736944
Chicago,2021-12-21,4446,741390
Chicago,2021-12-22,8340,749730
Chicago,2021-12-23,9884,759614
Chicago,2021-12-24,0,759614
Chicago,2021-12-25,0,759614
Chicago,2021-12-26,0,759614
Chicago,2021-12-27,29718,789332
Chicago,2021-12-28,9443,798775
Chicago,2021-12-29,9766,808541
Chicago,2021-12-30,12931,821472
Chicago,2021-12-31,0,821472
Chicago,2022-01-01,0,821472
Chicago,2022-01-02,0,821472
Chicago,2022-01-03,41289,862761
Chicago,2022-01-04,8696,871457
Chicago,2022-01-05,11723,883180
Chicago,2022-01-06,17813,900993
Chicago,2022-01-07,16386,917379
Chicago,2022-01-08,0,917379
Chicago,2022-01-09,0,917379
Chicago,2022-01-10,29796,947175
Chicago,2022-01-11,8111,955286
Chicago,2022-01-12,10847,966133
Chicago,2022-01-13,11425,977558
Chicago,2022-01-14,9300,986858
Chicago,2022-01-15,0,986858
Chicago,2022-01-16,0,986858
Chicago,2022-01-17,0,986858
Chicago,2022-01-18,28793,1015651
Chicago,2022-01-19,6023,1021674
Chicago,2022-01-20,6217,1027891
Chicago,2022-01-21,15617,1043508
Chicago,2022-01-22,0,1043508
Chicago,2022-01-23,0,1043508
Chicago,2022-01-24,19903,1063411
Chicago,2022-01-25,2301,1065712
Chicago,2022-01-26,3143,1068855
Chicago,2022-01-27,3126,1071981
Chicago,2022-01-28,3365,1075346
Chicago,2022-01-29,0,1075346
Chicago,2022-01-30,0,1075346
Chicago,2022-01-31,5438,1080784
Chicago,2022-02-01,1611,1082395
Chicago,2022-02-02,2073,1084468
Chicago,2022-02-03,0,1084468
Chicago,2022-02-04,5474,1089942
Chicago,2022-02-05,0,1089942
Chicago,2022-02-06,0,1089942
Chicago,2022-02-07,4003,1093945
Chicago,2022-02-08,1376,1095321
Chicago,2022-02-09,1025,1096346
Chicago,2022-02-10,1446,1097792
Chicago,2022-02-11,0,1097792
Chicago,2022-02-12,0,1097792
Chicago,2022-02-13,0,1097792
Chicago,2022-02-14,4218,1102010
Chicago,2022-02-15,703,1102713
Chicago,2022-02-16,860,1103573
Chicago,2022-02-17,637,1104210
Chicago,2022-02-18,1053,1105263
Chicago,2022-02-19,0,1105263
Chicago,2022-02-20,0,1105263
Chicago,2022-02-21,0,1105263
Chicago,2022-02-22,2025,1107288
Chicago,2022-02-23,780,1108068
Chicago,2022-02-24,514,1108582
Chicago,2022-02-25,766,1109348
Chicago,2022-02-26,0,1109348
Chicago,2022-02-27,0,1109348
Chicago,2022-02-28,1842,1111190
Chicago,2022-03-01,753,1111943
Chicago,2022-03-02,618,1112561
Chicago,2022-03-03,470,1113031
Chicago,2022-03-04,521,1113552
Chicago,2022-03-05,0,1113552
Chicago,2022-03-06,0,1113552
Chicago,2022-03-07,1000,1114552
Chicago,2022-03-08,390,1114942
Chicago,2022-03-09,758,1115700
Chicago,2022-03-10,653,1116353
Chicago,2022-03-11,1011,1117364
Chicago,2022-03-12,0,1117364
Chicago,2022-03-13,0,1117364
Chicago,2022-03-14,993,1118357
Chicago,2022-03-15,630,1118987
Chicago,2022-03-16,457,1119444
Chicago,2022-03-17,532,1119976
Chicago,2022-03-18,643,1120619
Chicago,2022-03-19,0,1120619
Chicago,2022-03-20,0,1120619
Chicago,2022-03-21,1124,1121743
Chicago,2022-03-22,633,1122376
Chicago,2022-03-23,465,1122841
Chicago,2022-03-24,878,1123719
Chicago,2022-03-25,665,1124384
Chicago,2022-03-26,0,1124384
Chicago,2022-03-27,0,1124384
Chicago,2022-03-28,1294,1125678
Chicago,2022-03-29,757,1126435
Chicago,2022-03-30,544,1126979
Chicago,2022-03-31,786,1127765
Chicago,2022-04-01,713,1128478
Chicago,2022-04-02,0,1128478
Chicago,2022-04-03,0,1128478
Chicago,2022-04-04,1574,1130052
Chicago,2022-04-05,899,1130951
Chicago,2022-04-06,1121,1132072
Chicago,2022-04-07,803,1132875
Chicago,2022-04-08,1271,1134146
Chicago,2022-04-09,0,1134146
Chicago,2022-04-10,0,1134146
Chicago,2022-04-11,2358,1136504
Chicago,2022-04-12,738,1137242
Chicago,2022-04-13,1002,1138244
Chicago,2022-04-14,1667,1139911
Chicago,2022-04-15,1066,1140977
Chicago,2022-04-16,0,1140977
Chicago,2022-04-17,0,1140977
Chicago,2022-04-18,2938,1143915
Chicago,2022-04-19,1020,1144935
Chicago,2022-04-20,1929,1146864
Chicago,2022-04-21,1649,1148513
Chicago,2022-04-22,1691,1150204
Chicago,2022-04-23,0,1150204
Chicago,2022-04-24,0,1150204
Chicago,2022-04-25,4025,1154229
Chicago,2022-04-26,951,1155180
Chicago,2022-04-27,1492,1156672
Chicago,2022-04-28,2134,1158806
Chicago,2022-04-29,2880,1161686
Chicago,2022-04-30,0,1161686
Chicago,2022-05-01,0,1161686
Chicago,2022-05-02,4029,1165715
Chicago,2022-05-03,1604,1167319
Chicago,2022-05-04,2708,1170027
Chicago,2022-05-05,1857,1171884
Chicago,2022-05-06,3660,1175544
Chicago,2022-05-07,0,1175544
Chicago,2022-05-08,0,1175544
Chicago,2022-05-09,6928,1182472
Chicago,2022-05-10,2140,1184612
Chicago,2022-05-11,2816,1187428
Chicago,2022-05-12,2532,1189960
Chicago,2022-05-13,3954,1193914
Chicago,2022-05-14,0,1193914
Chicago,2022-05-15,0,1193914
Chicago,2022-05-16,7982,1201896
Chicago,2022-05-17,2187,1204083
Chicago,2022-05-18,2264,1206347
Chicago,2022-05-19,3625,1209972
Chicago,2022-05-20,2026,1211998
Chicago,2022-05-21,0,1211998
Chicago,2022-05-22,0,1211998
Chicago,2022-05-23,6926,1218924
Chicago,2022-05-24,1608,1220532
Chicago,2022-05-25,2490,1223022
Chicago,2022-05-26,2900,1225922
Chicago,2022-05-27,2377,1228299
Chicago,2022-05-28,0,1228299
Chicago,2022-05-29,0,1228299
Chicago,2022-05-30,0,1228299
Chicago,2022-05-31,6920,1235219
Chicago,2022-06-01,1722,1236941
Chicago,2022-06-02,2535,1239476
Chicago,2022-06-03,2536,1242012
Chicago,2022-06-04,0,1242012
Chicago,2022-06-05,0,1242012
Chicago,2022-06-06,5879,1247891
Chicago,2022-06-07,1828,1249719
Chicago,2022-06-08,2004,1251723
Chicago,2022-06-09,1610,1253333
Chicago,2022-06-10,2552,1255885
Chicago,2022-06-11,0,1255885
Chicago,2022-06-12,0,1255885
Chicago,2022-06-13,3590,1259475
Chicago,2022-06-14,1363,1260838
Chicago,2022-06-15,2270,1263108
Chicago,2022-06-16,2042,1265150
Chicago,2022-06-17,1374,1266524
Chicago,2022-06-18,0,1266524
Chicago,2022-06-19,0,1266524
Chicago,2022-06-20,0,1266524
Chicago,2022-06-21,5239,1271763
Chicago,2022-06-22,1735,1273498
Chicago,2022-06-23,1182,1274680
Chicago,2022-06-24,2224,1276904
Chicago,2022-06-25,0,1276904
Chicago,2022-06-26,0,1276904
Chicago,2022-06-27,3959,1280863
Chicago,2022-06-28,1623,1282486
Chicago,2022-06-29,1698,1284184
Chicago,2022-06-30,1890,1286074
Chicago,2022-07-01,1674,1287748
Chicago,2022-07-02,0,1287748
Chicago,2022-07-03,0,1287748
Chicago,2022-07-04,0,1287748
Chicago,2022-07-05,4484,1292232
Chicago,2022-07-06,1908,1294140
Chicago,2022-07-07,2122,1296262
Chicago,2022-07-08,1969,1298231
Chicago,2022-07-09,0,1298231
Chicago,2022-07-10,0,1298231
Chicago,2022-07-11,4652,1302883
Chicago,2022-07-12,2388,1305271
Chicago,2022-07-13,2046,1307317
Chicago,2022-07-14,1880,1309197
Chicago,2022-07-15,1791,1310988
Chicago,2022-07-16,0,1310988
Chicago,2022-07-17,0,1310988
Chicago,2022-07-18,4315,1315303
Chicago,2022-07-19,1280,1316583
Chicago,2022-07-20,1922,1318505
Chicago,2022-07-21,2488,1320993
Chicago,2022-07-22,1783,1322776
Chicago,2022-07-23,0,1322776
Chicago,2022-07-24,0,1322776
Chicago,2022-07-25,5602,1328378
Chicago,2022-07-26,1912,1330290
Chicago,2022-07-27,955,1331245
Chicago,2022-07-28,2625,1333870
Chicago,2022-07-29,2300,1336170
Chicago,2022-07-30,0,1336170
Chicago,2022-07-31,0,1336170
Chicago,2022-08-01,3842,1340012
Chicago,2022-08-02,1954,1341966
Chicago,2022-08-03,1834,1343800
Chicago,2022-08-04,1374,1345174
Chicago,2022-08-05,2434,1347608
Chicago,2022-08-06,0,1347608
Chicago,2022-08-07,0,1347608
Chicago,2022-08-08,3660,1351268
Chicago,2022-08-09,1440,1352708
Chicago,2022-08-10,996,1353704
Chicago,2022-08-11,2134,1355838
Chicago,2022-08-12,1199,1357037
Chicago,2022-08-13,0,1357037
Chicago,2022-08-14,0,1357037
Chicago,2022-08-15,3083,1360120
Chicago,2022-08-16,1355,1361475
Chicago,2022-08-17,887,1362362
Chicago,2022-08-18,1809,1364171
Chicago,2022-08-19,1749,1365920
Chicago,2022-08-20,0,1365920
Chicago,2022-08-21,0,1365920
Chicago,2022-08-22,2658,1368578
Chicago,2022-08-23,1329,1369907
Chicago,2022-08-24,1050,1370957
Chicago,2022-08-25,1829,1372786
Chicago,2022-08-26,1191,1373977
Chicago,2022-08-27,0,1373977
Chicago,2022-08-28,0,1373977
Chicago,2022-08-29,2499,1376476
Chicago,2022-08-30,1339,1377815
Chicago,2022-08-31,1294,1379109
Chicago,2022-09-01,1373,1380482
Chicago,2022-09-02,1357,1381839
Chicago,2022-09-03,0,1381839
Chicago,2022-09-04,0,1381839
Chicago,2022-09-05,0,1381839
Chicago,2022-09-06,3348,1385187
Chicago,2022-09-07,570,1385757
Chicago,2022-09-08,1328,1387085
Chicago,2022-09-09,1192,1388277
Chicago,2022-09-10,0,1388277
Chicago,2022-09-11,0,1388277
Chicago,2022-09-12,2539,1390816
Chicago,2022-09-13,1047,1391863
Chicago,2022-09-14,971,1392834
Chicago,2022-09-15,1276,1394110
Chicago,2022-09-16,826,1394936
Chicago,2022-09-17,0,1394936
Chicago,2022-09-18,0,1394936
Chicago,2022-09-19,1669,1396605
Chicago,2022-09-20,588,1397193
Chicago,2022-09-21,1619,1398812
Chicago,2022-09-22,3029,1401841
Chicago,2022-09-23,749,1402590
Chicago,2022-09-24,0,1402590
Chicago,2022-09-25,0,1402590
Chicago,2022-09-26,1422,1404012
Chicago,2022-09-27,757,1404769
Chicago,2022-09-28,601,1405370
Chicago,2022-09-29,677,1406047
Chicago,2022-09-30,862,1406909
Chicago,2022-10-01,0,1406909
Chicago,2022-10-02,0,1406909
Chicago,2022-10-03,1590,1408499
Chicago,2022-10-04,789,1409288
Chicago,2022-10-05,756,1410044
Chicago,2022-10-06,1135,1411179
Chicago,2022-10-07,748,1411927
Chicago,2022-10-08,0,1411927
Chicago,2022-10-09,0,1411927
Chicago,2022-10-10,0,1411927
Chicago,2022-10-11,1661,1413588
Chicago,2022-10-12,667,1414255
Chicago,2022-10-13,721,1414976
Chicago,2022-10-14,688,1415664
Chicago,2022-10-15,0,1415664
Chicago,2022-10-16,0,1415664
Chicago,2022-10-17,1631,1417295
Chicago,2022-10-18,422,1417717
Chicago,2022-10-19,235,1417952
Chicago,2022-10-20,1316,1419268
Chicago,2022-10-21,940,1420208
Chicago,2022-10-22,0,1420208
Chicago,2022-10-23,0,1420208
Chicago,2022-10-24,1695,1421903
Chicago,2022-10-25,659,1422562
Chicago,2022-10-26,911,1423473
Chicago,2022-10-27,618,1424091
Chicago,2022-10-28,1363,1425454
Chicago,2022-10-29,0,1425454
Chicago,2022-10-30,0,1425454
Memphis,2020-01-22,0,0
Memphis,2020-01-23,0,0
Memphis,2020-01-24,0,0
Memphis,2020-01-25,0,0
Memphis,2020-01-26,0,0
Memphis,2020-01-27,0,0
Memphis,2020-01-28,0,0
Memphis,2020-01-29,0,0
Memphis,2020-01-30,0,0
Memphis,2020-01-31,0,0
Memphis,2020-02-01,0,0
Memphis,2020-02-02,0,0
Memphis,2020-02-03,0,0
Memphis,2020-02-04,0,0
Memphis,2020-02-05,0,0
Memphis,2020-02-06,0,0
Memphis,2020-02-07,0,0
Memphis,2020-02-08,0,0
Memphis,2020-02-09,0,0
Memphis,2020-02-10,0,0
Memphis,2020-02-11,0,0
Memphis,2020-02-12,0,0
Memphis,2020-02-13,0,0
Memphis,2020-02-14,0,0
Memphis,2020-02-15,0,0
Memphis,2020-02-16,0,0
Memphis,2020-02-17,0,0
Memphis,2020-02-18,0,0
Memphis,2020-02-19,0,0
Memphis,2020-02-20,0,0
Memphis,2020-02-21,0,0
Memphis,2020-02-22,0,0
Memphis,2020-02-23,0,0
Memphis,2020-02-24,0,0
Memphis,2020-02-25,0,0
Memphis,2020-02-26,0,0
Memphis,2020-02-27,0,0
Memphis,2020-02-28,0,0
Memphis,2020-02-29,0,0
Memphis,2020-03-01,0,0
Memphis,2020-03-02,0,0
Memphis,2020-03-03,0,0
Memphis,2020-03-04,0,0
Memphis,2020-03-05,0,0
Memphis,2020-03-06,0,0
Memphis,2020-03-07,0,0
Memphis,2020-03-08,1,1
Memphis,2020-03-09,0,1
Memphis,2020-03-10,0,1
Memphis,2020-03-11,0,1
Memphis,2020-03-12,1,2
Memphis,2020-03-13,0,2
Memphis,2020-03-14,0,2
Memphis,2020-03-15,0,2
Memphis,2020-03-16,0,2
Memphis,2020-03-17,1,3
Memphis,2020-03-18,1,4
Memphis,2020-03-19,6,10
Memphis,2020-03-20,-6,4
Memphis,2020-03-21,38,42
Memphis,2020-03-22,24,66
Memphis,2020-03-23,27,93
Memphis,2020-03-24,42,135
Memphis,2020-03-25,35,170
Memphis,2020-03-26,28,198
Memphis,2020-03-27,25,223
Memphis,2020-03-28,52,275
Memphis,2020-03-29,87,362
Memphis,2020-03-30,34,396
Memphis,2020-03-31,32,428
Memphis,2020-04-01,194,622
Memphis,2020-04-02,31,653
Memphis,2020-04-03,65,718
Memphis,2020-04-04,29,747
Memphis,2020-04-05,56,803
Memphis,2020-04-06,39,842
Memphis,2020-04-07,67,909
Memphis,2020-04-08,41,950
Memphis,2020-04-09,86,1036
Memphis,2020-04-10,76,1112
Memphis,2020-04-11,93,1205
Memphis,2020-04-12,84,1289
Memphis,2020-04-13,65,1354
Memphis,2020-04-14,63,1417
Memphis,2020-04-15,77,1494
Memphis,2020-04-16,157,1651
Memphis,2020-04-17,76,1727
Memphis,2020-04-18,43,1770
Memphis,2020-04-19,26,1796
Memphis,2020-04-20,73,1869
Memphis,2020-04-21,41,1910
Memphis,2020-04-22,40,1950
Memphis,2020-04-23,50,2000
Memphis,2020-04-24,90,2090
Memphis,2020-04-25,109,2199
Memphis,2020-04-26,122,2321
Memphis,2020-04-27,56,2377
Memphis,2020-04-28,58,2435
Memphis,2020-04-29,77,2512
Memphis,2020-04-30,85,2597
Memphis,2020-05-01,81,2678
Memphis,2020-05-02,89,2767
Memphis,2020-05-03,80,2847
Memphis,2020-05-04,53,2900
Memphis,2020-05-05,58,2958
Memphis,2020-05-06,76,3034
Memphis,2020-05-07,70,3104
Memphis,2020-05-08,57,3161
Memphis,2020-05-09,66,3227
Memphis,2020-05-10,83,3310
Memphis,2020-05-11,100,3410
Memphis,2020-05-12,70,3480
Memphis,2020-05-13,65,3545
Memphis,2020-05-14,55,3600
Memphis,2020-05-15,15,3615
Memphis,2020-05-16,92,3707
Memphis,2020-05-17,121,3828
Memphis,2020-05-18,53,3881
Memphis,2020-05-19,87,3968
Memphis,2020-05-20,58,4026
Memphis,2020-05-21,33,4059
Memphis,2020-05-22,89,4148
Memphis,2020-05-23,128,4276
Memphis,2020-05-24,104,4380
Memphis,2020-05-25,147,4527
Memphis,2020-05-26,54,4581
Memphis,2020-05-27,54,4635
Memphis,2020-05-28,177,4812
Memphis,2020-05-29,40,4852
Memphis,2020-05-30,130,4982
Memphis,2020-05-31,216,5198
Memphis,2020-06-01,76,5274
Memphis,2020-06-02,135,5409
Memphis,2020-06-03,131,5540
Memphis,2020-06-04,50,5590
Memphis,2020-06-05,89,5679
Memphis,2020-06-06,147,5826
Memphis,2020-06-07,126,5952
Memphis,2020-06-08,85,6037
Memphis,2020-06-09,123,6160
Memphis,2020-06-10,121,6281
Memphis,2020-06-11,125,6406
Memphis,2020-06-12,107,6513
Memphis,2020-06-13,103,6616
Memphis,2020-06-14,174,6790
Memphis,2020-06-15,188,6978
Memphis,2020-06-16,132,7110
Memphis,2020-06-17,76,7186
Memphis,2020-06-18,309,7495
Memphis,2020-06-19,194,7689
Memphis,2020-06-20,115,7804
Memphis,2020-06-21,196,8000
Memphis,2020-06-22,125,8125
Memphis,2020-06-23,278,8403
Memphis,2020-06-24,164,8567
Memphis,2020-06-25,313,8880
Memphis,2020-06-26,204,9084
Memphis,2020-06-27,81,9165
Memphis,2020-06-28,69,9234
Memphis,2020-06-29,596,9830
Memphis,2020-06-30,319,10149
Memphis,2020-07-01,309,10458
Memphis,2020-07-02,468,10926
Memphis,2020-07-03,343,11269
Memphis,2020-07-04,437,11706
Memphis,2020-07-05,268,11974
Memphis,2020-07-06,122,12096
Memphis,2020-07-07,370,12466
Memphis,2020-07-08,249,12715
Memphis,2020-07-09,335,13050
Memphis,2020-07-10,391,13441
Memphis,2020-07-11,146,13587
Memphis,2020-07-12,550,14137
Memphis,2020-07-13,308,14445
Memphis,2020-07-14,408,14853
Memphis,2020-07-15,326,15179
Memphis,2020-07-16,455,15634
Memphis,2020-07-17,397,16031
Memphis,2020-07-18,453,16484
Memphis,2020-07-19,211,16695
Memphis,2020-07-20,92,16787
Memphis,2020-07-21,488,17275
Memphis,2020-07-22,363,17638
Memphis,2020-07-23,413,18051
Memphis,2020-07-24,334,18385
Memphis,2020-07-25,380,18765
Memphis,2020-07-26,322,19087
Memphis,2020-07-27,396,19483
Memphis,2020-07-28,474,19957
Memphis,2020-07-29,323,20280
Memphis,2020-07-30,481,20761
Memphis,2020-07-31,368,21129
Memphis,2020-08-01,370,21499
Memphis,2020-08-02,176,21675
Memphis,2020-08-03,206,21881
Memphis,2020-08-04,252,22133
Memphis,2020-08-05,178,22311
Memphis,2020-08-06,425,22736
Memphis,2020-08-07,357,23093
Memphis,2020-08-08,343,23436
Memphis,2020-08-09,176,23612
Memphis,2020-08-10,129,23741
Memphis,2020-08-11,226,23967
Memphis,2020-08-12,177,24144
Memphis,2020-08-13,211,24355
Memphis,2020-08-14,269,24624
Memphis,2020-08-15,213,24837
Memphis,2020-08-16,112,24949
Memphis,2020-08-17,148,25097
Memphis,2020-08-18,163,25260
Memphis,2020-08-19,152,25412
Memphis,2020-08-20,229,25641
Memphis,2020-08-21,18,25659
Memphis,2020-08-22,345,26004
Memphis,2020-08-23,127,26131
Memphis,2020-08-24,122,26253
Memphis,2020-08-25,164,26417
Memphis,2020-08-26,190,26607
Memphis,2020-08-27,173,26780
Memphis,2020-08-28,224,27004
Memphis,2020-08-29,180,27184
Memphis,2020-08-30,87,27271
Memphis,2020-08-31,82,27353
Memphis,2020-09-01,116,27469
Memphis,2020-09-02,104,27573
Memphis,2020-09-03,172,27745
Memphis,2020-09-04,128,27873
Memphis,2020-09-05,147,28020
Memphis,2020-09-06,110,28130
Memphis,2020-09-07,129,28259
Memphis,2020-09-08,70,28329
Memphis,2020-09-09,100,28429
Memphis,2020-09-10,123,28552
Memphis,2020-09-11,75,28627
Memphis,2020-09-12,132,28759
Memphis,2020-09-13,106,28865
Memphis,2020-09-14,273,29138
Memphis,2020-09-15,289,29427
Memphis,2020-09-16,146,29573
Memphis,2020-09-17,170,29743
Memphis,2020-09-18,94,29837
Memphis,2020-09-19,306,30143
Memphis,2020-09-20,110,30253
Memphis,2020-09-21,89,30342
Memphis,2020-09-22,142,30484
Memphis,2020-09-23,103,30587
Memphis,2020-09-24,61,30648
Memphis,2020-09-25,119,30767
Memphis,2020-09-26,257,31024
Memphis,2020-09-27,131,31155
Memphis,2020-09-28,52,31207
Memphis,2020-09-29,116,31323
Memphis,2020-09-30,50,31373
Memphis,2020-10-01,118,31491
Memphis,2020-10-02,82,31573
Memphis,2020-10-03,94,31667
Memphis,2020-10-04,207,31874
Memphis,2020-10-05,230,32104
Memphis,2020-10-06,178,32282
Memphis,2020-10-07,122,32404
Memphis,2020-10-08,136,32540
Memphis,2020-10-09,59,32599
Memphis,2020-10-10,179,32778
Memphis,2020-10-11,285,33063
Memphis,2020-10-12,180,33243
Memphis,2020-10-13,122,33365
Memphis,2020-10-14,93,33458
Memphis,2020-10-15,167,33625
Memphis,2020-10-16,80,33705
Memphis,2020-10-17,308,34013
Memphis,2020-10-18,324,34337
Memphis,2020-10-19,186,34523
Memphis,2020-10-20,226,34749
Memphis,2020-10-21,170,34919
Memphis,2020-10-22,300,35219
Memphis,2020-10-23,273,35492
Memphis,2020-10-24,323,35815
Memphis,2020-10-25,484,36299
Memphis,2020-10-26,156,36455
Memphis,2020-10-27,259,36714
Memphis,2020-10-28,121,36835
Memphis,2020-10-29,289,37124
Memphis,2020-10-30,238,37362
Memphis,2020-10-31,0,37362
Memphis,2020-11-01,478,37840
Memphis,2020-11-02,114,37954
Memphis,2020-11-03,122,38076
Memphis,2020-11-04,315,38391
Memphis,2020-11-05,154,38545
Memphis,2020-11-06,230,38775
Memphis,2020-11-07,443,39218
Memphis,2020-11-08,737,39955
Memphis,2020-11-09,284,40239
Memphis,2020-11-10,218,40457
Memphis,2020-11-11,336,40793
Memphis,2020-11-12,326,41119
Memphis,2020-11-13,299,41418
Memphis,2020-11-14,589,42007
Memphis,2020-11-15,644,42651
Memphis,2020-11-16,548,43199
Memphis,2020-11-17,256,43455
Memphis,2020-11-18,427,43882
Memphis,2020-11-19,224,44106
Memphis,2020-11-20,417,44523
Memphis,2020-11-21,272,44795
Memphis,2020-11-22,509,45304
Memphis,2020-11-23,183,45487
Memphis,2020-11-24,258,45745
Memphis,2020-11-25,125,45870
Memphis,2020-11-26,545,46415
Memphis,2020-11-27,649,47064
Memphis,2020-11-28,418,47482
Memphis,2020-11-29,413,47895
Memphis,2020-11-30,451,48346
Memphis,2020-12-01,605,48951
Memphis,2020-12-02,81,49032
Memphis,2020-12-03,382,49414
Memphis,2020-12-04,720,50134
Memphis,2020-12-05,267,50401
Memphis,2020-12-06,284,50685
Memphis,2020-12-07,465,51150
Memphis,2020-12-08,779,51929
Memphis,2020-12-09,489,52418
Memphis,2020-12-10,665,53083
Memphis,2020-12-11,787,53870
Memphis,2020-12-12,785,54655
Memphis,2020-12-13,1062,55717
Memphis,2020-12-14,656,56373
Memphis,2020-12-15,977,57350
Memphis,2020-12-16,954,58304
Memphis,2020-12-17,646,58950
Memphis,2020-12-18,672,59622
Memphis,2020-12-19,564,60186
Memphis,2020-12-20,831,61017
Memphis,2020-12-21,551,61568
Memphis,2020-12-22,666,62234
Memphis,2020-12-23,649,62883
Memphis,2020-12-24,303,63186
Memphis,2020-12-25,701,63887
Memphis,2020-12-26,598,64485
Memphis,2020-12-27,366,64851
Memphis,2020-12-28,326,65177
Memphis,2020-12-29,705,65882
Memphis,2020-12-30,638,66520
Memphis,2020-12-31,595,67115
Memphis,2021-01-01,968,68083
Memphis,2021-01-02,742,68825
Memphis,2021-01-03,359,69184
Memphis,2021-01-04,372,69556
Memphis,2021-01-05,813,70369
Memphis,2021-01-06,746,71115
Memphis,2021-01-07,545,71660
Memphis,2021-01-08,423,72083
Memphis,2021-01-09,791,72874
Memphis,2021-01-10,769,73643
Memphis,2021-01-11,386,74029
Memphis,2021-01-12,603,74632
Memphis,2021-01-13,412,75044
Memphis,2021-01-14,612,75656
Memphis,2021-01-15,246,75902
Memphis,2021-01-16,735,76637
Memphis,2021-01-17,331,76968
Memphis,2021-01-18,237,77205
Memphis,2021-01-19,441,77646
Memphis,2021-01-20,373,78019
Memphis,2021-01-21,499,78518
Memphis,2021-01-22,212,78730
Memphis,2021-01-23,662,79392
Memphis,2021-01-24,236,79628
Memphis,2021-01-25,195,79823
Memphis,2021-01-26,395,80218
Memphis,2021-01-27,324,80542
Memphis,2021-01-28,319,80861
Memphis,2021-01-29,240,81101
Memphis,2021-01-30,383,81484
Memphis,2021-01-31,297,81781
Memphis,2021-02-01,193,81974
Memphis,2021-02-02,117,82091
Memphis,2021-02-03,368,82459
Memphis,2021-02-04,295,82754
Memphis,2021-02-05,288,83042
Memphis,2021-02-06,422,83464
Memphis,2021-02-07,160,83624
Memphis,2021-02-08,181,83805
Memphis,2021-02-09,248,84053
Memphis,2021-02-10,251,84304
Memphis,2021-02-11,225,84529
Memphis,2021-02-12,190,84719
Memphis,2021-02-13,169,84888
Memphis,2021-02-14,123,85011
Memphis,2021-02-15,59,85070
Memphis,2021-02-16,76,85146
Memphis,2021-02-17,41,85187
Memphis,2021-02-18,91,85278
Memphis,2021-02-19,68,85346
Memphis,2021-02-20,98,85444
Memphis,2021-02-21,94,85538
Memphis,2021-02-22,122,85660
Memphis,2021-02-23,217,85877
Memphis,2021-02-24,221,86098
Memphis,2021-02-25,180,86278
Memphis,2021-02-26,103,86381
Memphis,2021-02-27,156,86537
Memphis,2021-02-28,73,86610
Memphis,2021-03-01,51,86661
Memphis,2021-03-02,129,86790
Memphis,2021-03-03,119,86909
Memphis,2021-03-04,170,87079
Memphis,2021-03-05,106,87185
Memphis,2021-03-06,126,87311
Memphis,2021-03-07,82,87393
Memphis,2021-03-08,78,87471
Memphis,2021-03-09,107,87578
Memphis,2021-03-10,124,87702
Memphis,2021-03-11,111,87813
Memphis,2021-03-12,112,87925
Memphis,2021-03-13,136,88061
Memphis,2021-03-14,65,88126
Memphis,2021-03-15,68,88194
Memphis,2021-03-16,159,88353
Memphis,2021-03-17,68,88421
Memphis,2021-03-18,120,88541
Memphis,2021-03-19,132,88673
Memphis,2021-03-20,91,88764
Memphis,2021-03-21,94,88858
Memphis,2021-03-22,76,88934
Memphis,2021-03-23,105,89039
Memphis,2021-03-24,127,89166
Memphis,2021-03-25,103,89269
Memphis,2021-03-26,94,89363
Memphis,2021-03-27,113,89476
Memphis,2021-03-28,70,89546
Memphis,2021-03-29,102,89648
Memphis,2021-03-30,111,89759
Memphis,2021-03-31,176,89935
Memphis,2021-04-01,109,90044
Memphis,2021-04-02,106,90150
Memphis,2021-04-03,89,90239
Memphis,2021-04-04,60,90299
Memphis,2021-04-05,53,90352
Memphis,2021-04-06,114,90466
Memphis,2021-04-07,178,90644
Memphis,2021-04-08,155,90799
Memphis,2021-04-09,151,90950
Memphis,2021-04-10,193,91143
Memphis,2021-04-11,133,91276
Memphis,2021-04-12,122,91398
Memphis,2021-04-13,174,91572
Memphis,2021-04-14,263,91835
Memphis,2021-04-15,167,92002
Memphis,2021-04-16,146,92148
Memphis,2021-04-17,156,92304
Memphis,2021-04-18,90,92394
Memphis,2021-04-19,82,92476
Memphis,2021-04-20,136,92612
Memphis,2021-04-21,194,92806
Memphis,2021-04-22,225,93031
Memphis,2021-04-23,120,93151
Memphis,2021-04-24,165,93316
Memphis,2021-04-25,106,93422
Memphis,2021-04-26,124,93546
Memphis,2021-04-27,182,93728
Memphis,2021-04-28,192,93920
Memphis,2021-04-29,162,94082
Memphis,2021-04-30,155,94237
Memphis,2021-05-01,128,94365
Memphis,2021-05-02,85,94450
Memphis,2021-05-03,129,94579
Memphis,2021-05-04,160,94739
Memphis,2021-05-05,168,94907
Memphis,2021-05-06,128,95035
Memphis,2021-05-07,164,95199
Memphis,2021-05-08,119,95318
Memphis,2021-05-09,82,95400
Memphis,2021-05-10,87,95487
Memphis,2021-05-11,108,95595
Memphis,2021-05-12,183,95778
Memphis,2021-05-13,137,95915
Memphis,2021-05-14,136,96051
Memphis,2021-05-15,94,96145
Memphis,2021-05-16,64,96209
Memphis,2021-05-17,70,96279
Memphis,2021-05-18,96,96375
Memphis,2021-05-19,115,96490
Memphis,2021-05-20,102,96592
Memphis,2021-05-21,87,96679
Memphis,2021-05-22,94,96773
Memphis,2021-05-23,66,96839
Memphis,2021-05-24,70,96909
Memphis,2021-05-25,89,96998
Memphis,2021-05-26,86,97084
Memphis,2021-05-27,91,97175
Memphis,2021-05-28,48,97223
Memphis,2021-05-29,45,97268
Memphis,2021-05-30,40,97308
Memphis,2021-05-31,25,97333
Memphis,2021-06-01,57,97390
Memphis,2021-06-02,54,97444
Memphis,2021-06-03,57,97501
Memphis,2021-06-04,72,97573
Memphis,2021-06-05,41,97614
Memphis,2021-06-06,26,97640
Memphis,2021-06-07,33,97673
Memphis,2021-06-08,42,97715
Memphis,2021-06-09,31,97746
Memphis,2021-06-10,46,97792
Memphis,2021-06-11,64,97856
Memphis,2021-06-12,46,97902
Memphis,2021-06-13,17,97919
Memphis,2021-06-14,39,97958
Memphis,2021-06-15,76,98034
Memphis,2021-06-16,98,98132
Memphis,2021-06-17,20,98152
Memphis,2021-06-18,48,98200
Memphis,2021-06-19,29,98229
Memphis,2021-06-20,20,98249
Memphis,2021-06-21,26,98275
Memphis,2021-06-22,38,98313
Memphis,2021-06-23,48,98361
Memphis,2021-06-24,39,98400
Memphis,2021-06-25,46,98446
Memphis,2021-06-26,33,98479
Memphis,2021-06-27,21,98500
Memphis,2021-06-28,17,98517
Memphis,2021-06-29,92,98609
Memphis,2021-06-30,67,98676
Memphis,2021-07-01,54,98730
Memphis,2021-07-02,78,98808
Memphis,2021-07-03,98,98906
Memphis,2021-07-04,63,98969
Memphis,2021-07-05,44,99013
Memphis,2021-07-06,89,99102
Memphis,2021-07-07,104,99206
Memphis,2021-07-08,179,99385
Memphis,2021-07-09,119,99504
Memphis,2021-07-10,136,99640
Memphis,2021-07-11,93,99733
Memphis,2021-07-12,122,99855
Memphis,2021-07-13,179,100034
Memphis,2021-07-14,186,100220
Memphis,2021-07-15,152,100372
Memphis,2021-07-16,172,100544
Memphis,2021-07-17,166,100710
Memphis,2021-07-18,121,100831
Memphis,2021-07-19,167,100998
Memphis,2021-07-20,238,101236
Memphis,2021-07-21,226,101462
Memphis,2021-07-22,318,101780
Memphis,2021-07-23,306,102086
Memphis,2021-07-24,304,102390
Memphis,2021-07-25,214,102604
Memphis,2021-07-26,295,102899
Memphis,2021-07-27,340,103239
Memphis,2021-07-28,480,103719
Memphis,2021-07-29,463,104182
Memphis,2021-07-30,552,104734
Memphis,2021-07-31,498,105232
Memphis,2021-08-01,379,105611
Memphis,2021-08-02,368,105979
Memphis,2021-08-03,585,106564
Memphis,2021-08-04,568,107132
Memphis,2021-08-05,649,107781
Memphis,2021-08-06,792,108573
Memphis,2021-08-07,575,109148
Memphis,2021-08-08,436,109584
Memphis,2021-08-09,471,110055
Memphis,2021-08-10,479,110534
Memphis,2021-08-11,707,111241
Memphis,2021-08-12,699,111940
Memphis,2021-08-13,803,112743
Memphis,2021-08-14,759,113502
Memphis,2021-08-15,529,114031
Memphis,2021-08-16,334,114365
Memphis,2021-08-17,918,115283
Memphis,2021-08-18,809,116092
Memphis,2021-08-19,768,116860
Memphis,2021-08-20,616,117476
Memphis,2021-08-21,1415,118891
Memphis,2021-08-22,592,119483
Memphis,2021-08-23,509,119992
Memphis,2021-08-24,333,120325
Memphis,2021-08-25,577,120902
Memphis,2021-08-26,730,121632
Memphis,2021-08-27,818,122450
Memphis,2021-08-28,575,123025
Memphis,2021-08-29,809,123834
Memphis,2021-08-30,976,124810
Memphis,2021-08-31,782,125592
Memphis,2021-09-01,284,125876
Memphis,2021-09-02,584,126460
Memphis,2021-09-03,463,126923
Memphis,2021-09-04,782,127705
Memphis,2021-09-05,876,128581
Memphis,2021-09-06,1450,130031
Memphis,2021-09-07,539,130570
Memphis,2021-09-08,448,131018
Memphis,2021-09-09,207,131225
Memphis,2021-09-10,1351,132576
Memphis,2021-09-11,1069,133645
Memphis,2021-09-12,409,134054
Memphis,2021-09-13,386,134440
Memphis,2021-09-14,509,134949
Memphis,2021-09-15,319,135268
Memphis,2021-09-16,644,135912
Memphis,2021-09-17,530,136442
Memphis,2021-09-18,370,136812
Memphis,2021-09-19,198,137010
Memphis,2021-09-20,334,137344
Memphis,2021-09-21,418,137762
Memphis,2021-09-22,352,138114
Memphis,2021-09-23,412,138526
Memphis,2021-09-24,368,138894
Memphis,2021-09-25,105,138999
Memphis,2021-09-26,316,139315
Memphis,2021-09-27,255,139570
Memphis,2021-09-28,272,139842
Memphis,2021-09-29,346,140188
Memphis,2021-09-30,286,140474
Memphis,2021-10-01,297,140771
Memphis,2021-10-02,162,140933
Memphis,2021-10-03,134,141067
Memphis,2021-10-04,246,141313
Memphis,2021-10-05,228,141541
Memphis,2021-10-06,258,141799
Memphis,2021-10-07,205,142004
Memphis,2021-10-08,157,142161
Memphis,2021-10-09,151,142312
Memphis,2021-10-10,101,142413
Memphis,2021-10-11,121,142534
Memphis,2021-10-12,124,142658
Memphis,2021-10-13,178,142836
Memphis,2021-10-14,169,143005
Memphis,2021-10-15,103,143108
Memphis,2021-10-16,95,143203
Memphis,2021-10-17,60,143263
Memphis,2021-10-18,107,143370
Memphis,2021-10-19,112,143482
Memphis,2021-10-20,127,143609
Memphis,2021-10-21,103,143712
Memphis,2021-10-22,104,143816
Memphis,2021-10-23,59,143875
Memphis,2021-10-24,52,143927
Memphis,2021-10-25,97,144024
Memphis,2021-10-26,104,144128
Memphis,2021-10-27,113,144241
Memphis,2021-10-28,87,144328
Memphis,2021-10-29,98,144426
Memphis,2021-10-30,55,144481
Memphis,2021-10-31,29,144510
Memphis,2021-11-01,117,144627
Memphis,2021-11-02,80,144707
Memphis,2021-11-03,111,144818
Memphis,2021-11-04,88,144906
Memphis,2021-11-05,103,145009
Memphis,2021-11-06,61,145070
Memphis,2021-11-07,73,145143
Memphis,2021-11-08,93,145236
Memphis,2021-11-09,221,145457
Memphis,2021-11-10,180,145637
Memphis,2021-11-11,101,145738
Memphis,2021-11-12,142,145880
Memphis,2021-11-13,74,145954
Memphis,2021-11-14,67,146021
Memphis,2021-11-15,100,146121
Memphis,2021-11-16,130,146251
Memphis,2021-11-17,192,146443
Memphis,2021-11-18,195,146638
Memphis,2021-11-19,147,146785
Memphis,2021-11-20,80,146865
Memphis,2021-11-21,41,146906
Memphis,2021-11-22,125,147031
Memphis,2021-11-23,123,147154
Memphis,2021-11-24,125,147279
Memphis,2021-11-25,98,147377
Memphis,2021-11-26,69,147446
Memphis,2021-11-27,92,147538
Memphis,2021-11-28,56,147594
Memphis,2021-11-29,133,147727
Memphis,2021-11-30,163,147890
Memphis,2021-12-01,232,148122
Memphis,2021-12-02,204,148326
Memphis,2021-12-03,188,148514
Memphis,2021-12-04,118,148632
Memphis,2021-12-05,109,148741
Memphis,2021-12-06,148,148889
Memphis,2021-12-07,209,149098
Memphis,2021-12-08,256,149354
Memphis,2021-12-09,218,149572
Memphis,2021-12-10,198,149770
Memphis,2021-12-11,121,149891
Memphis,2021-12-12,79,149970
Memphis,2021-12-13,144,150114
Memphis,2021-12-14,248,150362
Memphis,2021-12-15,261,150623
Memphis,2021-12-16,387,151010
Memphis,2021-12-17,360,151370
Memphis,2021-12-18,426,151796
Memphis,2021-12-19,263,152059
Memphis,2021-12-20,501,152560
Memphis,2021-12-21,800,153360
Memphis,2021-12-22,1363,154723
Memphis,2021-12-23,1429,156152
Memphis,2021-12-24,1044,157196
Memphis,2021-12-25,1775,158971
Memphis,2021-12-26,415,159386
Memphis,2021-12-27,1111,160497
Memphis,2021-12-28,2202,162699
Memphis,2021-12-29,3188,165887
Memphis,2021-12-30,3097,168984
Memphis,2021-12-31,3283,172267
Memphis,2022-01-01,1207,173474
Memphis,2022-01-02,2897,176371
Memphis,2022-01-03,1802,178173
Memphis,2022-01-04,2643,180816
Memphis,2022-01-05,2774,183590
Memphis,2022-01-06,3351,186941
Memphis,2022-01-07,2505,189446
Memphis,2022-01-08,3235,192681
Memphis,2022-01-09,1483,194164
Memphis,2022-01-10,1656,195820
Memphis,2022-01-11,2461,198281
Memphis,2022-01-12,2287,200568
Memphis,2022-01-13,2625,203193
Memphis,2022-01-14,2158,205351
Memphis,2022-01-15,1941,207292
Memphis,2022-01-16,1131,208423
Memphis,2022-01-17,1040,209463
Memphis,2022-01-18,1694,211157
Memphis,2022-01-19,1829,212986
Memphis,2022-01-20,1790,214776
Memphis,2022-01-21,1399,216175
Memphis,2022-01-22,1287,217462
Memphis,2022-01-23,1043,218505
Memphis,2022-01-24,857,219362
Memphis,2022-01-25,1168,220530
Memphis,2022-01-26,1263,221793
Memphis,2022-01-27,1303,223096
Memphis,2022-01-28,928,224024
Memphis,2022-01-29,895,224919
Memphis,2022-01-30,546,225465
Memphis,2022-01-31,566,226031
Memphis,2022-02-01,687,226718
Memphis,2022-02-02,867,227585
Memphis,2022-02-03,824,228409
Memphis,2022-02-04,303,228712
Memphis,2022-02-05,271,228983
Memphis,2022-02-06,186,229169
Memphis,2022-02-07,354,229523
Memphis,2022-02-08,436,229959
Memphis,2022-02-09,451,230410
Memphis,2022-02-10,321,230731
Memphis,2022-02-11,375,231106
Memphis,2022-02-12,268,231374
Memphis,2022-02-13,157,231531
Memphis,2022-02-14,253,231784
Memphis,2022-02-15,266,232050
Memphis,2022-02-16,300,232350
Memphis,2022-02-17,272,232622
Memphis,2022-02-18,226,232848
Memphis,2022-02-19,130,232978
Memphis,2022-02-20,93,233071
Memphis,2022-02-21,99,233170
Memphis,2022-02-22,206,233376
Memphis,2022-02-23,193,233569
Memphis,2022-02-24,154,233723
Memphis,2022-02-25,128,233851
Memphis,2022-02-26,70,233921
Memphis,2022-02-27,1,233922
Memphis,2022-02-28,123,234045
Memphis,2022-03-01,91,234136
Memphis,2022-03-02,80,234216
Memphis,2022-03-03,64,234280
Memphis,2022-03-04,84,234364
Memphis,2022-03-05,46,234410
Memphis,2022-03-06,29,234439
Memphis,2022-03-07,28,234467
Memphis,2022-03-08,70,234537
Memphis,2022-03-09,33,234570
Memphis,2022-03-10,36,234606
Memphis,2022-03-11,38,234644
Memphis,2022-03-12,11,234655
Memphis,2022-03-13,6,234661
Memphis,2022-03-14,28,234689
Memphis,2022-03-15,47,234736
Memphis,2022-03-16,27,234763
Memphis,2022-03-17,25,234788
Memphis,2022-03-18,20,234808
Memphis,2022-03-19,11,234819
Memphis,2022-03-20,7,234826
Memphis,2022-03-21,15,234841
Memphis,2022-03-22,53,234894
Memphis,2022-03-23,19,234913
Memphis,2022-03-24,16,234929
Memphis,2022-03-25,25,234954
Memphis,2022-03-26,15,234969
Memphis,2022-03-27,12,234981
Memphis,2022-03-28,27,235008
Memphis,2022-03-29,28,235036
Memphis,2022-03-30,65,235101
Memphis,2022-03-31,70,235171
Memphis,2022-04-01,44,235215
Memphis,2022-04-02,21,235236
Memphis,2022-04-03,14,235250
Memphis,2022-04-04,17,235267
Memphis,2022-04-05,23,235290
Memphis,2022-04-06,43,235333
Memphis,2022-04-07,57,235390
Memphis,2022-04-08,25,235415
Memphis,2022-04-09,19,235434
Memphis,2022-04-10,9,235443
Memphis,2022-04-11,15,235458
Memphis,2022-04-12,60,235518
Memphis,2022-04-13,59,235577
Memphis,2022-04-14,57,235634
Memphis,2022-04-15,46,235680
Memphis,2022-04-16,29,235709
Memphis,2022-04-17,24,235733
Memphis,2022-04-18,23,235756
Memphis,2022-04-19,64,235820
Memphis,2022-04-20,52,235872
Memphis,2022-04-21,54,235926
Memphis,2022-04-22,54,235980
Memphis,2022-04-23,56,236036
Memphis,2022-04-24,31,236067
Memphis,2022-04-25,41,236108
Memphis,2022-04-26,97,236205
Memphis,2022-04-27,68,236273
Memphis,2022-04-28,98,236371
Memphis,2022-04-29,99,236470
Memphis,2022-04-30,63,236533
Memphis,2022-05-01,28,236561
Memphis,2022-05-02,102,236663
Memphis,2022-05-03,130,236793
Memphis,2022-05-04,186,236979
Memphis,2022-05-05,169,237148
Memphis,2022-05-06,169,237317
Memphis,2022-05-07,145,237462
Memphis,2022-05-08,72,237534
Memphis,2022-05-09,168,237702
Memphis,2022-05-10,259,237961
Memphis,2022-05-11,299,238260
Memphis,2022-05-12,355,238615
Memphis,2022-05-13,307,238922
Memphis,2022-05-14,169,239091
Memphis,2022-05-15,188,239279
Memphis,2022-05-16,224,239503
Memphis,2022-05-17,376,239879
Memphis,2022-05-18,245,240124
Memphis,2022-05-19,379,240503
Memphis,2022-05-20,371,240874
Memphis,2022-05-21,272,241146
Memphis,2022-05-22,241,241387
Memphis,2022-05-23,180,241567
Memphis,2022-05-24,415,241982
Memphis,2022-05-25,427,242409
Memphis,2022-05-26,420,242829
Memphis,2022-05-27,433,243262
Memphis,2022-05-28,273,243535
Memphis,2022-05-29,213,243748
Memphis,2022-05-30,154,243902
Memphis,2022-05-31,235,244137
Memphis,2022-06-01,534,244671
Memphis,2022-06-02,468,245139
Memphis,2022-06-03,520,245659
Memphis,2022-06-04,287,245946
Memphis,2022-06-05,224,246170
Memphis,2022-06-06,304,246474
Memphis,2022-06-07,298,246772
Memphis,2022-06-08,334,247106
Memphis,2022-06-09,427,247533
Memphis,2022-06-10,362,247895
Memphis,2022-06-11,323,248218
Memphis,2022-06-12,157,248375
Memphis,2022-06-13,194,248569
Memphis,2022-06-14,551,249120
Memphis,2022-06-15,370,249490
Memphis,2022-06-16,374,249864
Memphis,2022-06-17,311,250175
Memphis,2022-06-18,330,250505
Memphis,2022-06-19,178,250683
Memphis,2022-06-20,214,250897
Memphis,2022-06-21,404,251301
Memphis,2022-06-22,326,251627
Memphis,2022-06-23,453,252080
Memphis,2022-06-24,361,252441
Memphis,2022-06-25,270,252711
Memphis,2022-06-26,166,252877
Memphis,2022-06-27,213,253090
Memphis,2022-06-28,351,253441
Memphis,2022-06-29,465,253906
Memphis,2022-06-30,416,254322
Memphis,2022-07-01,309,254631
Memphis,2022-07-02,235,254866
Memphis,2022-07-03,209,255075
Memphis,2022-07-04,105,255180
Memphis,2022-07-05,171,255351
Memphis,2022-07-06,393,255744
Memphis,2022-07-07,394,256138
Memphis,2022-07-08,344,256482
Memphis,2022-07-09,256,256738
Memphis,2022-07-10,175,256913
Memphis,2022-07-11,304,257217
Memphis,2022-07-12,404,257621
Memphis,2022-07-13,402,258023
Memphis,2022-07-14,337,258360
Memphis,2022-07-15,317,258677
Memphis,2022-07-16,206,258883
Memphis,2022-07-17,85,258968
Memphis,2022-07-18,289,259257
Memphis,2022-07-19,314,259571
Memphis,2022-07-20,297,259868
Memphis,2022-07-21,358,260226
Memphis,2022-07-22,351,260577
Memphis,2022-07-23,162,260739
Memphis,2022-07-24,151,260890
Memphis,2022-07-25,187,261077
Memphis,2022-07-26,323,261400
Memphis,2022-07-27,300,261700
Memphis,2022-07-28,326,262026
Memphis,2022-07-29,303,262329
Memphis,2022-07-30,170,262499
Memphis,2022-07-31,192,262691
Memphis,2022-08-01,192,262883
Memphis,2022-08-02,292,263175
Memphis,2022-08-03,298,263473
Memphis,2022-08-04,270,263743
Memphis,2022-08-05,308,264051
Memphis,2022-08-06,105,264156
Memphis,2022-08-07,78,264234
Memphis,2022-08-08,175,264409
Memphis,2022-08-09,241,264650
Memphis,2022-08-10,200,264850
Memphis,2022-08-11,222,265072
Memphis,2022-08-12,256,265328
Memphis,2022-08-13,172,265500
Memphis,2022-08-14,174,265674
Memphis,2022-08-15,217,265891
Memphis,2022-08-16,284,266175
Memphis,2022-08-17,272,266447
Memphis,2022-08-18,330,266777
Memphis,2022-08-19,307,267084
Memphis,2022-08-20,151,267235
Memphis,2022-08-21,187,267422
Memphis,2022-08-22,245,267667
Memphis,2022-08-23,321,267988
Memphis,2022-08-24,354,268342
Memphis,2022-08-25,333,268675
Memphis,2022-08-26,250,268925
Memphis,2022-08-27,229,269154
Memphis,2022-08-28,125,269279
Memphis,2022-08-29,182,269461
Memphis,2022-08-30,269,269730
Memphis,2022-08-31,364,270094
Memphis,2022-09-01,243,270337
Memphis,2022-09-02,204,270541
Memphis,2022-09-03,144,270685
Memphis,2022-09-04,115,270800
Memphis,2022-09-05,42,270842
Memphis,2022-09-06,215,271057
Memphis,2022-09-07,252,271309
Memphis,2022-09-08,189,271498
Memphis,2022-09-09,175,271673
Memphis,2022-09-10,113,271786
Memphis,2022-09-11,107,271893
Memphis,2022-09-12,92,271985
Memphis,2022-09-13,150,272135
Memphis,2022-09-14,154,272289
Memphis,2022-09-15,138,272427
Memphis,2022-09-16,132,272559
Memphis,2022-09-17,85,272644
Memphis,2022-09-18,50,272694
Memphis,2022-09-19,94,272788
Memphis,2022-09-20,129,272917
Memphis,2022-09-21,113,273030
Memphis,2022-09-22,125,273155
Memphis,2022-09-23,118,273273
Memphis,2022-09-24,86,273359
Memphis,2022-09-25,75,273434
Memphis,2022-09-26,57,273491
Memphis,2022-09-27,129,273620
Memphis,2022-09-28,104,273724
Memphis,2022-09-29,92,273816
Memphis,2022-09-30,85,273901
Memphis,2022-10-01,41,273942
Memphis,2022-10-02,57,273999
Memphis,2022-10-03,56,274055
Memphis,2022-10-04,110,274165
Memphis,2022-10-05,117,274282
Memphis,2022-10-06,81,274363
Memphis,2022-10-07,103,274466
Memphis,2022-10-08,32,274498
Memphis,2022-10-09,57,274555
Memphis,2022-10-10,63,274618
Memphis,2022-10-11,93,274711
Memphis,2022-10-12,86,274797
Memphis,2022-10-13,69,274866
Memphis,2022-10-14,68,274934
Memphis,2022-10-15,50,274984
Memphis,2022-10-16,27,275011
Memphis,2022-10-17,68,275079
Memphis,2022-10-18,155,275234
Memphis,2022-10-19,83,275317
Memphis,2022-10-20,113,275430
Memphis,2022-10-21,93,275523
Memphis,2022-10-22,47,275570
Memphis,2022-10-23,0,275570
Memphis,2022-10-24,0,275570
Memphis,2022-10-25,0,275570
Memphis,2022-10-26,0,275570
Memphis,2022-10-27,0,275570
Memphis,2022-10-28,0,275570
Memphis,2022-10-29,0,275570
Memphis,2022-10-30,0,275570
